0chanrunet.i2p,3q7mdphwa7cmdjvxxrmbnvpy4dnei4hb4kyo2wvdhuvct3pclyvq
0thers.i2p,f3osaqktj55iedisoabrd7uergxbpljovbwcr6hihmxmjdc6oafa
1.fcp.freenet.i2p,cuxbeputgxn75ak4nr7ltp7fjktnzl5sul3wstwnsoytbbpb4ixq
102chan.i2p,xxu3lso4h2rh6wmrxiou3ax7r7la7x6dhoepnku3jvrlwp35pefq
1553b.i2p,2vhlowhistigqlu3vingiyv66jq43rhvn4qa75gtzpcjmcbvclta
2.fcp.freenet.i2p,ndsznnipoeyapnsg3gj3yi2dzsqduxwalmujm5mzjm7e6x374tta
2chan.i2p,xnmlqiwaio6bg6dtbjqb63rtoznvgeud5acxklccomv5yytefmda
333.i2p,ctvfe2fimcsdfxmzmd42brnbf7ceenwrbroyjx3wzah5eudjyyza
55cancri.i2p,b4iqenefh2fr4xtuq6civfc6nhnia6e2yo36pf7vcgdvrwmh7xua
a-zine-repo.i2p,zt6okylza25s2ppso7ngqbz2ybeteatxezxqemvucwhbb5ajot7a
abhishek.i2p,rthkq2epkzgkqpqqg4b5elasnqydiwmlgzcb66fg77i2eujicdpa
adab.i2p,pxjr6f2cig6v7v7ekam3smdnkqgmgseyy5cdwrozdyejm7jknkha
admin.open4you.i2p,hnlryqjvk52hsze2ixnz4qbuki4tf6qvygi25mf5bkllmbett2oa
admin2.open4you.i2p,d62hjvhu7yqd23m766dvs4tupxpvrsa2hzd2r5rdpm5apsmtmc6a
agora.anarplex.i2p,ydaal5nbvxmydnncny5esb3ipxupmpgkensow7yvhp6u7uioujna
allgemeinplaetzchen.i2p,5u4buto5wfret356iqzukcf5avqkadpg3up4hngsfkd37modlo7q
allsprk.i2p,uyyakverb5mxbmobdqmzjnpy7lqszzlmexes3hxkunceyz53otfq
alternet.i2p,fxpygpgimhktfmf2zhb23qqzu642eivazn7nfmmjhv562xb7i5da
always.i2p,wp43sdtuxum6gxbjvyeor35r5yvgtkp3dcu7dv47lx22zeb3relq
amaq.i2p,txpcthypt4ou7cgygqw2h5kjenyuirknmso3akiiv6h24royotua
amazone.i2p,e6kq73lsxaeyiwpmykdbdo3uy4ppj64bl7y3viegp6mqrilqybqa
amidoinitrite.i2p,onr7e32g3rgigvibygcjwytoypo2s6eusn7zdwc7nmr5fuxy45va
amiga.i2p,edy2xappzjjh7bxqounevji4wd2binqkv7gft4usrkan45xhbk5q
amobius.i2p,rj6432agdprun5baai2hj62xfhb4l75uvzl55dhj6z5zzoxv3htq
anarplex.i2p,4qingryacppi5ed2vk2626qipri3d7c2v6iw3vr55zy6c2uc66za
anews.i2p,f7nnjswxq5yyehuzzed65ut4jz47p76vxp4xrw5cyog3jijsrcuq
animal.i2p,5iedafy32swqq4t2wcmjb4fvg3onscng7ct7wb237jkvrclaftla
anomix.i2p,ptlpjzvcjl54yl7wdhlk2fd5moytixstshdz7rr5hsfsumodto2q
anoncoin.i2p,nmi3loretkk4zbili32t2e5wyznwoxcsgzmd2z4ll3msgndyqpfa
anongw.i2p,owrnciwubb3f3dctvlmnaknb6tjdxtlzvv7klocb45mmhievdjhq
anonymnet.i2p,77ouyl2ane7ffgydosd4ye42g67aomtc4jrusmi76lds5qonlffa
anonynanny.i2p,l2lnhq2dynnmf3m46tcbpcmbbn4kifjgt26go6n2hlapy4drhyja
anonyradio.i2p,cbobsax3rhoyjbk7ii2nd2fnl5bxh3x7bbearokyxgvmudn7o5bq
anotherblog.i2p,shkgse3sc3v7dlpxdt74dqsc5lxrfk3qw6tyrl2sodbq7bsd5mcq
antipiracyagency.i2p,by4kcmklz7xnkai6ndfio47kts3rndm6wwleegtxghllimikdapq
antipiratbyran.i2p,y2qbhrvuciifbszaqqwxd5t75bomp7kzdqx4yxsrkaq542t75k3a
antirius.i2p,4l353ourymat7gzxu6gmo72vinsqvggmrtqizdaj4ord3zzy3doa
aperi.i2p,2qk4ofkb6hlx456aeqjz6rvbcqwdhntjq5uhaww4irnwulyho6yq
aplus.i2p,h67lym6btfqinjs5ye272fo6uze2uvjk6t7qabibocjedfcv5fva
aport.i2p,uvpczf5ljaptviombwxi6vmqxpzh6zpthyhvczzp57ihwfzrxnhq
arc2.i2p,rnmosuwvtftfcrk5sk7zoyhyadh2g4dhe2mif5ml7qjisgkyw2na
archbsdmirror.i2p,35nnm55r53mu2f4kkgl5xtlr35uwhvmhlzegbrllefmpk2bffl4a
archiv.tutorials.i2p,lldr2miowq6353fxy44pnxfk37d6yn2f6kaivzecbmvvnnf5exyq
archive.i2p,x54d5st3dl6mwgfxj6raiekqkypo5pdvuex3n62szwju7hgefiyq
archive.syndie.i2p,abbyu5n3mh3nj7pe3b6byldrxswvva5ttxcafsnnseidanurq3kq
archlinux.i2p,22n34pf7xrgbiaexaevndk6hdn4or4skqshkj6ezmgvo4rnnkpua
ardvark.i2p,jcmw2sol3hruwc6rfinonx4e23pjkukkg7lg7xt7xb2gpiyyraiq
arkan.i2p,7o5y2lyyrjx5tf6l4fyumywui7msjv5azaaheatvw5sqj7mxbuvq
asciiwhite.i2p,itbzny5ktuenhjwjfqx3jravolhlj5wullhhr2m4qr6k2emnm5dq
aspnet.i2p,tsb7zqru57p4q2a7cto2lko4w5cg4lieglwm6t27c44fkphqmf2a
asylum.i2p,p45ejjw4p2q6nq3mzi6cm6ep35grtzshboidj2lojmrmic22noha
aum.i2p,ohdfneqxapfd3fwfbum4tut7z6k3rnr7rrguoxdrrfe2tln2kpbq
awup.i2p,v6g32duzrkacnrezfbll3pza5u37h7lnukr2wbsk6rqen6prhbga
axahj.i2p,fk7wfzjsn2rfx2w7sx4dl4exgbu2ocaannkrmfsvs4x2gzgvxhga
b.i2p,272kt3gcx6wjurunzaiiwld7s5p4mpjewfubzmlcvw2vie62ckpq
bacardi.i2p,hivhnx2v47vh234c7coi2urj5cyvbl4bu3ypjr7snklortyqeljq
backup.i2p,kepphem42whle3rkfv26wcksmnegdbg6rdp6t3oobdkc2fmzrdkq
badfish.i2p,f6v26gyr4eipy3a7pi2voulw5qvob6dg7zij6xpo2ywbi5tvbu6a
badtoyz.i2p,3qz6ubtwlt2c4iasofjirkckq43u5fgkzyg7mlutcsym5gzhijna
bash.i2p,s3wouoilbl3mrefxjhp4qoyujgok34e7y6vmpbu6hx4342ivqo4q
bbs.catrat.i2p,3e2fes3hmo5jkhf7cyjji2gfhymw7mx76ulkekaw2o6iv5wdq42a
bdl.i2p,kp6fnuulenbjm7r26pfbmjcq3u7c7kvxeajodvgr5flcnskdgi5a
bdsm.i2p,pa7fxql5jljegg7j5tglhnnaod2sptq3gxvdn3ji6muqyhgn3poq
betaguru.i2p,d7cduwwhrcc2voameqfkvd66u3advu4jw2p6pysgax35vq6ovriq
beyond.i2p,uaicfqlrpjtitqbqkpfujanj5dollzfzee5glsuls67ekw6hlpoa
bfclan.i2p,73oc3du6vdhzsa6mkxtr2mw3xrjnqmoxsg5cq2dntx4d4et7c6xa
biblioteca.i2p,wklqkggiwnzhotwoy6gxqbgkt6hic2rqovtdkteqlur7xyt6ahtq
bigbrother.i2p,tnxiifs6uticzyg6ac4lhv2l5luwi6xra7yngocro56ive5e4jsq
bing.i2p,xmn674kxxsmrl3rvu6wcexk66l4stns7rjgccsggniclrrz2dkma
bitlox.i2p,lqw5khxcdntlv3u4vhn53upcqirplvnc4etjlmoytrzs66ytettq
bitmoney.i2p,sd7asgdgnicjyj6lkaavux77u4vyvhv62pm3dfmluoc4xuivxb4a
bitslair.i2p,q3k4tsw4fgw7wvm4ufpbstuw44rd6g6k6aymqvkij7fwehldecpq
bittorrent.i2p,pgax2vz572i4zsp6u6paox5xubmjrkqohq6g4hvlp6ruzzy56l5q
bk1k.i2p,nlyegmtyfffo5jfgg5h4dxxnlmqko2g36gpaye5a7vd3is35xxfq
bl.i2p,e73d6uhnfbylza6wqkhxejmqeyfb7thkzw35gn5ojmna64jzyk2a
blackdragon.i2p,yj7fa7i4malizkewvvzufwgig4dypuig2o3ysfxtewpxs2eqaq5q
blackexchange.i2p,ztgr5kghkyn43fhhkuycroxgfti6cojo3vg4wdd3usqonyvrla5q
blog.curiosity.i2p,yiz6jec5k7ccxdgnh7msqa4ze52bqqmf6rpq6bqdyojra2erd4ta
blog.polecat.i2p,orlccceubewvxo3fbdyydq6e4uuidbs4xd5u2gyqbculnowo3ehq
bluebeam.i2p,lvxp3cbcfwtol57d5pmrsck32t7ndutlxubjb4smaf32bynhlk6a
blueheron.i2p,anfb5jrhixjmvkyxctqwkezqer7dbob22wge2bh6wsewbhgnftfa
bluewater.i2p,oe5naap72equ4s2mhupinbwrdlkmrnlehl3tvlwkfc2pdtnsogxq
bmw.i2p,6naudpj2zozw6aiiqusv6znfzyprwitrufauz3zuejtdbotp6mxq
bmworc.i2p,w254y65la47elcmf6mo7xc2caamm3ikeusmjjfknwsavwsy4whzq
board.hiddengate.i2p,zojmbo7fz2gxdk3zzovvjittzokdgwmtztf7t457544zt6m6zova
bob.i2p,i76m7dwm5hnapljendbie6fc5y3mjlkdlduo3tvbwiwmvhxbpyaa
bobcat.i2p,ftuukjtcquuvppt726w37boit7gp5hf2yxwfop35prx3grzzzxlq
bobthebuilder.i2p,qlahgthqhr4uojkkwahnper2cl3ro5f5gtzy5t4lzapbzo4osy6q
books.manveru.i2p,eb2tisc2vr5jvjqrixrozcujiucwxg4m722stxwho5666ipl67zq
borderlands.i2p,qx7p6kevvetj4unyy3gfysksqlwpflqwwpe3z7l3xcctdqafueja
boson.i2p,bohzrcusbl7epgmxwsfyzvv6gq4md5wc742kzjcsafshsqmnrp2a
bote.i2p,bhjhc3lsdqzoyhxwzyrd63kvyg4br6n2337d74blyintae66mr2a
boxthecompass.i2p,vqal5tlqr4lwgr22tweplff26agmbw57gw3xydbb6razak2eohla
bozo.i2p,7a2d23h6htprhzrol36vgwgklsbqrnuya4tbaaaspmaeaodt57iq
brittanyworld.i2p,e76umhhic3474sdxiuax25ixyfg7y3z7oojj4fmxvhgv3ruet6aa
bt.i2p,uhkuu54pg47zey76h45tnvsdtpkf5bthbtrjgnaloi5m54h4hlaq
bt.nnm-club.i2p,bmqz3v5ulhkvyqeahmp7co76ea4mwrxvb5nmtuclltpthm4mb47a
burningcold.i2p,7sw4p3rhzl5q2olfcxwig54huc3rhhoqgqsz5cdpy7k5tlwfsriq
burntout.i2p,lkep3fd7tjvxrs25crr2c3jy7xm4s7bqiua5r327zgpw37sgyerq
bytepay.i2p,7amc4ztwkzu3cgsaaaw3223ohuihn5hlsqc6gpf2rxdyptdkyugq
carding.i2p,l5crcmcrkspnn6o7pyypho4t2hrdknapzysiefpxnw7ubu3yhfuq
cases.i2p,kmpmk2fmineaiwublteqlifg4fkmewnhmxqlcgg7qwecz6daj43a
castor.i2p,nynqxsr27owq74a4wqxvokudclkuzn2kx6fmjl455lmeoib5t3dq
catgirls.i2p,taxqiyvy24hk67dadf3hzdsj4jtzjadljs57wdfgaujt46qeujbq
catrat.i2p,3ha4vnxtirlerv3g34j675r3b5xyylajffvqmpcj3plplq3nqchq
cats.i2p,ma773liy6ascw44gfnkt73fn2bnjjwcojn2xv5zdx5iigigiup7a
cbs.i2p,u3lp7wazvq6opodzwjg5sc5w5kwxehmxd4wcdpt4s4j2k4dx4apq
cerebrum.i2p,u5gtsfn267udwfh2uq35jiabkufifvcbgv456zz34cydutsiw2eq
chan.i2p,fer3oxecsu3tknnnqsqlta3sy62pzsbqrqgr56xzyu6ezxbeqttq
charismazero.i2p,yqjyitvld4frrcipsclo4ceyetkjeyqg6u4juqd722g7tweq7sva
chat.hashshop.i2p,nfqzckvh5kruzo6h53biio5ojiekoxsytn7ed4d3esc6lgby6x2a
chat.i2p,ollpwnp6yidc3obbb3famgt6rw5jg5w3k3a6z7hhaegj6gcohiuq
chat.volatile.i2p,o2zogadvui65kr52h2sqeh2d67l4rx5qhd7gj53hkqbsj7y75wrq
check.kovri.i2p,7uea4hzuqwbow5c6hm3ghkr7mvyb5vafoo473wrcaa4rmua2d7pq
chen.i2p,l7fr75pvy3o66isse7bb4bdsy6coq2eb4irjkrsdlugbjanxqzzq
chess.fillament.i2p,tv6wbanei647yf5bie4dhg2wmybkjurezlpdfwftc5ajqlfswwya
chess.i2p,sbnoqznp5yzxals3vs6nzyqaj2fetvonys4e3b3x4ktmfeus54sa
china.i2p,wit6f2zx6dtuqqze6nhbykrds3idppfirxvhf2f7ydqoqf4xdzeq
chishir.i2p,gd3ijpmfcmcukfjgxupuepckitmx52vii35kt7monsv35ljmbkbq
chitanka.i2p,u4s3jneepk3akoez46kqiwikoezi6zyj2ibjkjyi4uuvsbcojzba
christian.i2p,7atkjb6iiru3z4dtb6q3k2hmcyhe4tigbgy55pqi5wwg33h6jwma
ciaran.i2p,2r3645eete6xwbfu62ogonudcrcgqq25sbnij5v4geru74yrscna
cloakbuffer.i2p,rxjexx7dole53hiuaoqqjyq2nljknmnjfws5hwyfoc7jmmhmwrpa
closedshop.i2p,6fg67mbw2okopzyonsck4bsy3cy7l2fame56uiysr2cezhjhzdbq
cneal.i2p,g4za73ffigv3ht4jnhzy4dae52djjq7lqcguqsfg3w5cxzqm7nba
co.i2p,3mvo5eifcwplcsoubtvqkzdahwo2sdhfygfdde7lj2glybk4q22q
codejunk.i2p,uhy5d3ikwm3xqohofx32otnzbfasqiebtgqnbgc56wht524rgxrq
codevoid.i2p,2mukrqwtinsw27uoejtrz74zxtilyhnnfdyso7j3yo6vaa6nzlaa
colombo-bt.i2p,cyr75zgiu2uuzap5zeosforbgvpfbqos2g6spe4qfulvzpyhnzxa
complication.i2p,x2av6rwj5e5tp64yhdmifdyleo4wblw4ncrrcrabxwscuevpdv7a
comwiz.i2p,6p7zqfotzbd66etl5xqy3p6xvr5ijucru3am2xqa7wmnj6vf3djq
confessions.i2p,lh5vitshufxpmyr44zgyymebo5elc42eda7pxvn5lmtes47c7rxa
connelly.i2p,5yrris3nigb3fapvzrlrcaew6cdmzdknzvgrc7y2jpn3ntqurweq
conobs.i2p,sbapt37ybk2pkprqnkucu4thvtnhs6b7swrhtq4ddopateqt7pqq
conspiraciones.i2p,7gzrrcy4ilatcinirarpyhorhfkzktnfl4zevuu77gvidiexdwfq
copyright.i2p,73ul6db3pk2fr2bwk2fewvpuxwiyetnh6heptroagamrchfq7kja
costeira.i2p,abhty5xlmnyab2kqdxcd56352kcescxoux3p6dbqdrghggyygnxa
cowsay.i2p,q4ghzfpah4ffvm3bhc6fdkrznk5f6jxfjm2daytlparznai5d54q
cronos.i2p,27sdshufrqpgto7b6ko7ahfk4r2mtqnqtgzf2ncx4gtvrne6zwhq
croquemort.i2p,j6damyqss2msf47sdxgc6dq7axz6wocqp5utjhn5wifdgabkwhfq
crstrack.i2p,mm3zx3besctrx6peq5wzzueil237jdgscuvn5ugwilxrwzyuajja
crumax.i2p,xg6ffstp3lnknou2ayhvnoc6nwdhic7fstzphy6idnjnner2wxnq
cryptdesign.i2p,ekfldb7x7hgmznu7wnw5d7ziryizyqr3dfhgjcnzshmbyn27zruq
cryptobank.i2p,cv2ccppauuoc5lq4drvbs6wdxzsa6iswnrxqf7idie36rxbqp6ra
cryptofreedom.i2p,uflpfypin7vzybsui2qk6z4cundhhenixjtkrmnhrxedfoaokefa
curiosity.i2p,eomeif4xrykxlzhawc3icdilje5iammijos6tyizwhrfh3j7qdvq
cut.i2p,uk5jarq7yvogeuxnbmntdkheyoh56mqbbqeysphdzcllnkvz5e2a
cvs.i2p,yd6k7dzpsa2tnlzx4q7xqkmd4qsjk5xk5hbiqpiarwbeyvxaxgba
d3bug.i2p,c7tdscxwbhjpgcjz6zle3uhj2gonvy6e3yvloce6ekpmwltbibra
darkhardwarelab.i2p,hdzxaxt5y5owwvg42s46ygxncshiaha5ec6kvczo62conzuh3pja
darknet-products.i2p,xatbsnkatiravmh26kpb3qj4nq5lwxyze4q5uax4mme6yv23tzkq
darksoapbox.i2p,jlp6a5wubjorjxwqfzfub34kvpcybbkndo3lc37zcs3rryrq3a7q
darrob.i2p,hz2xhtpeo6btgiwi6od4qj2575ml5o2246rd5orarruyjhd63zja
davidkra.i2p,nq7ca2egm563nir3xegfv52ocgmxstpz56droji4jgnzfoosk45a
dcherukhin.i2p,qa4boq364ndjdgow4kadycr5vvch7hofzblcqangh3nobzvyew7a
ddw.i2p,wlyy7ees7cumw7ggrs7ksp3uzld6holwopqr6qikncqjgj3vngka
de-ebook-archiv.i2p,6mhurvyn6b6j6xa4a3wpuz7ovpsejbuncvyl6rnhepasfgdgmn7q
de-ebooks.i2p,epqdyuuhtydkg5muwwq47n7jvr66pq4jheve7ky5euls6klzwuyq
deadgod.i2p,63bveyh7wefb44hlia7wtxxb3jal3r67thd6jekmwrtq4ulaaksa
deb-mirror.i2p,l6ly7szjqvbffz7hacvjxqsbvpxoguh34ypkddtgse6bq3fljayq
decadence.i2p,pw5ys7k2grjb5myydpv6ohikm6nna7y6u2dro44i4rucgulu3ikq
deepdankmemes.i2p,ht4cn7mltt3bn7fm5uvbuvtnuc5laxyiimxza47xi3wffra2ehkq
deepwebradio.i2p,2nait2gdeozkgf6gyhzjfij6mwldwkxxwcvtxobb4b5q5cvtm5la
denofsubmission.i2p,ybk35cmsj3ip3mzyzrtd4pzq5w4qkhywigp2kzy4vcns7fyqe3nq
deploy.i2p,ujzspsqkbz5z272eozsrdv4ukl434h3fuliwrfxxnab74jmd7e6a
detonate.i2p,nykapdsjjswdkjov7x3jzslhg4ig3cpkhmshxqzijuhbisx25jja
dev.i2p,cfscxpnm3w3qxnlv3oikewxm4qrot4u6dwp52ec2iuo6m7xb5mna
devfs.i2p,3olqlrn3jutjmry5aaxndt6m7diktaf66zwp5fbrks6qf5ax5e4a
dg2.i2p,sjnqo3saada5pfldxmsvszns2rosi24uy5m54k7z6wqimewbke6a
diasporg.i2p,edvccoobtjukjgw2os5eetywanbb2mpag5aknkrpia5qx2koksua
dieso.i2p,j4wpvotizkxpbljaptcvfs2eylofym6ftyavgvhbm7k5g3qlpcaq
diftracker.i2p,m4mer767ipj7mq6l7gdrmrq37yzvsj3kzezd7n7nsfuctntjseka
digger.i2p,abkurcjh734b77blgj4ngvxzgfkxafprb3lxj62b22zy4myc5lzq
digitalconcerns.i2p,7k4w3cttjgmand6ely2srvgfc4vbwltrzyrardubojf42altdylq
dm.i2p,heysbdivyeugdbggpscco5wje3dsvwgcpp5ot4sopooebnmiqvtq
dnca-anarplex.i2p,szdgwbm7utjqoawfnwtlmqtqemhycjucbvrxx46d3u2yecoicj3q
dnp.i2p,46xuw53lvmjontyaodc3zqddgzozkmybmnyagnthquuiqqphfb6a
dnpchat.i2p,34dwlvhzlcvq7lxld3f3dz26gt27gijerqje6otziiyityuiedaa
docs.i2p2.i2p,las5l45ulwwf5i72nht6vk33sfkidcpr2okpf5b6mvgbk3a2ujna
documentheaven.i2p,3kbrghggbvqawdmxeesbnpqjtq7645evesf4dggj6hzbgvkzng2a
download.ipredia.i2p,nbzqubihyfrdd5pfmggzx4cmtoxtcrbkr2cxjvgnn7g7janntlva
downloads.legion.i2p,xpmxdpuuptlekyhs7mmdwkvry7h2jbvpqpzsijqe3a5ctxgodesq
dox.i2p,vk27cjdrtegfdnrjqutebgxkpyrfj42trdfbsupl5zn2kp34wb3a
duck.i2p,3u2mqm3mvcyc27yliky3xnr4khpgfd4eeadhwwjneaqhj25a65ua
dumpteam.i2p,2fwlpuouwxlk2nj4xklvm43m52tqyhqnu2fcfiuv7clvf3wd5nwa
dust.i2p,u6xgh6zhhhvdvefbqksfljfs3nyjvqcrmyamp5bryz5f4injmniq
dvdr-core.i2p,fg6l2ej6qrk5rkyfzdptxx5xkcm4kvdla4gg2tun7z7fm5cxxw5q
dyad.i2p,7n2ljphvp2dep7imoujvydxp4myuxfld3axwfgcny5xc5x6jj6ka
e-reading.i2p,z54dnry6rxtmzcg7e6y3qtsig5yf5fmehuvakcg5wnuahx3iafuq
easysoft.i2p,ecbhsjzyt3pjp6zv6btqin5cbhlwqsgritljgyx5tc4aoarojeva
ebooks.i2p,bvpy6xf6ivyws6mshhqmdmr36pruh2hvoceznzeag52mpu647nzq
echelon.i2p,afvtspvugtd32rsalxircjglh3fhcjzk7gxrm3gw4s2yrpvzk6wq
echo.baffled.i2p,bfr3lyicr72psxvt2umqfb562rtex66w6q3hi3tktzkoyane2iha
eco.i2p,2dq2o5h6c6a674qaduipp55mid5iktumjbswuwmpsrcqaeowdvwa
eddysblog.i2p,ieac3ub4g5sy3wuhsbqfembnpp7f3a37xgcx537ytzsmgfzexnbq
edge.i2p,aknsl5wmzjmwyc4wxutfdwy2w5vgd3vcx52mqx647hcgvyurmqta
eeeiue.i2p,ilzqzqvzpclqdhhrog5oycul2aaxtwb7ndy325aphsfg3oefluqq
eepdot.i2p,t6edyotbxmxvy56fofdvmragvsj65te2gkhvzv5qnblicutyvgoa
eepme.i2p,i2dhxxmowponghj3tlxq43z7b2oqnht7pkxa5esoq2zcn4odussa
eepsitelist.i2p,kplek3im5b4uad5qfi34tlfcrcu2pn2ph72gyood2zefygv36m4q
eepsites.i2p,isskhl4ak3g7qevrarlmblddgr4ugnn3ckalwpjcvxafk5rjgypq
eldelirante.i2p,xgh6ke745jg2jwyreiua54oih3bjt5dpub225aw3ijj2fsw2czpq
elf.i2p,duz6ey27ohpcp3llylklzdb63lylolzcixad6bh7rt5tkq42qqpa
elgoog.i2p,z6hrgkg2ajmuzlrddjlffrgctx7x7fkipm6c4hdzmohyn5wkr4ya
elportal.i2p,26azjncf7esizipsyyfh65zy6boejxglanzguwuaheiox2nglmra
emc.i2p,535p7yu2i365ffgrdku73jtzo6iqnsskicwtb7vc2pt5smjfl2mq
emercoin.i2p,o6aga5qbgi555rulkuerbjzmmibupcpywownhuokl7b5s3ktmbsa
ems.i2p,734zw4jsegdf55zl3z6s22tqkbxcghu4qvk6q2wevjfmx7xhbn6q
engruchat.i2p,zw3f44qty3nihjoc3kdgsmw6nbsx5cycom335s3rqzykfdn5s4iq
epsilon.i2p,ze4bgohowgjzhoacnkuhb26stjktimoffyvt5nbfiuqis77fxgoa
epub-eepsite.i2p,yxvzjwd4vin6pnjauekdufh7lxaijal3kqe2bhakuf47g5zkb6xa
es.hiddenanswers.i2p,cw7ge5ey4ekp5iep2kaw6j54boebtqytpcbnvio2bfpccd5ejzfa
eschaton.i2p,xe75f5hzmrq6rkhsef2geslmi2v2yfngdiysmlmxvh7b4pyyjk4q
eucent.i2p,64qe3xnofn3ah6ghjkaq3a5vk4eurmgraptnphpdhaoxkjchg36q
evil.i2p,ljfl7cujtmxfffcydq77pgkqfxhgbikbc6qxjgkvcpn4wzd73a4a
exch.i2p,vsyjsbbf2pyggtilpqwqnhgcc7mymjxblamarmxe5hmbxaxvcndq
exchanged.i2p,ylmulgfskl6uiwac4hw4ecwqdzd3oxtwaemzj25zc6k5q4rkexra
exe.i2p,varccyu3ythxext5xtb6u4j4pwl7neu3mh3nurwb2bpit4e2t6na
exotrack.i2p,blbgywsjubw3d2zih2giokakhe3o2cko7jtte4risb3hohbcoyva
f4u.i2p,seosrxtycclc7emif4etsv4kzmsmhzptg2ta237brbudq6rdizpa
fa.i2p,6n6p3aj6xqhevfojj36dixwbl4reopkhymxmatz7ai5sroh75rka
false.i2p,77mpz4z6s4eenjexleclqb36uxvqjtztqikjfqa4sovojh6gwwha
fantasy-worlds.i2p,62a4xcyyhvfrcq2bkckb7ia37fmrssrgx467tlkxp32fjpq577wq
favicon.i2p,yp5jqyqanin5e3skwum2hmblkfgbbj3nssp6bvhlr5kw3xvyzcma
fb2book.i2p,3a24ytysvevkcgtssyd6fjgy6efck3bfonkanh7bphal65fthfvq
fcp.entropy.i2p,de6h6ti5z3mcbdcwucu45vplikqyoeddsu3rqy7s2zy5i47j3peq
fcp.i2p,ndsznnipoeyapnsg3gj3yi2dzsqduxwalmujm5mzjm7e6x374tta
fedo.i2p,zoamh7e3k2vf2g6pfy46ho4taujk2f4mxqqsv3gbg554fxbvyfqq
feedspace.i2p,kvtnpx4jylgeyojfhix4x462sqn5uork3roml4sfzotkxx62i4wa
ferret.i2p,kkqie5qmja7bkf3iad4zxhrdarwj7kbrx2m3etn5kmba3shgwj4q
fidelio.i2p,5byrzmildfggl4qpglmmntuav5d6oipgsze5rejr3g63dnlmmyvq
fido.r4sas.i2p,i522xmu63hfbaw2k54cthffcoqmeao6urjyq3jg4hddf6wf57p3q
fifi4all.i2p,v2stz6bsot7sbjzix5tky5dm5ej7gidmjnkvzqjju5xvz5sz6fwa
filehub.i2p,rsbtaakwwfvodxa6xyn7ea6tmi2andrfmlhdcasgy2xx32no2cpa
files.hypercubus.i2p,qfglq25jwieszgyt7muz6dambzqsrmjhhszygzzx2ttubc77sffa
files.i2p,w2sy74xe6oqnuz6sfh5fhkzu7boholgzd5f3anhj47srxwpj2vaa
files.nickster.i2p,yil7dp2hg5pbqyovsiwb2ig6zjsq4tize3fnwemmqdrr6j5itdtq
fillament.i2p,udj2kiino4cylstsj4edpz2jsls77e32jvffn2a4knjn4222s2oq
fireaxe.i2p,ov3ev5dplhdz6ipy442ftb4kzz4dembm3ifs2jo25qhiyw6f4ogq
firerabbit.i2p,awqh7n3wskzl3epyvkdwgarmfybsncm7vye6psg4tpkmplh3mj2q
first-world.i2p,w35uyqjcbdrohmtwgk7pf36djxelyiq5gs76hzyrwovpnmkv2gcq
flibusta.i2p,zmw2cyw2vj7f6obx3msmdvdepdhnw2ctc4okza2zjxlukkdfckhq
flipkick.i2p,aso5rzc4ym6g2bcbxjy2n573bmbenkjawva2jg7fhyqhwtwgu6lq
flock.i2p,hflpi33ko5bi2655lx6bpzstdnjqgzrz23inovqjx5zpntyzyb3q
floureszination.i2p,vitpvfb25sikuk3crgcvtcdi7hajxnnq2t6weay3no7ulur2wwwq
fmnet.i2p,zveaklfzb6xmcayvmmkdvqnboibmcddnk7tvcw56l4au5zuyrkqq
forum.anoncoin.i2p,sytfn37x3exrre77ctjuo3g7nhnky32bqgpcn6jr7e5lijz75nuq
forum.fr.i2p,onvelkowkbuwrglhw2cnocggvbdudi75sll5mfirde3cbopjqivq
forum.hiddengate.i2p,gsuejshp4433zxbrb4yg7sdxw4ln3b3n57i2gpzij4ddazed7tka
forum.i2p,33pebl3dijgihcdxxuxm27m3m4rgldi5didiqmjqjtg4q6fla6ya
forum.rus.i2p,zd37rfivydhkiyvau27qxwzmerlzbqtthsa5ohtcww62zrygjaga
forums.i2p,tmlxlzag7lmkgwf6g2msygby3qttxvm6ixlfkq6s6cpgwubp33ya
fproxy.i2p,keknios3gm6kh6onez6x2bm2t7stv54oanvltuagphgdfjdw5e2a
fproxy.tino.i2p,fpaituvuvyxp6xdjnv3i27alnj2ifzcvqdweqb6yj5uybotzvyha
fproxy2.i2p,r4lgw4wmza25g7j5fjocjbwzwthfg4ymcbm52ref3hh2hogskcza
fr.i2p,ia6xlsnygorllplx2owokahtrkospukvsmysz7i7bzw3vejc4hdq
free-market.i2p,4bduwgnith3bgx32ggommgnalftb7pszvae63uvrmxyatevw2djq
freebel.i2p,itir2seplkvrcgvlcw4v7jp6zkzdhmu4tbu2kcev2zkn3foi77yq
freeciv.nightblade.i2p,rluupsgxbvw5t7jno3apyzlrdirjkljft4gdoy4mxxh4fmd4xzta
freedomarchives.i2p,4ck6oliqfjz3sccpya2q4rh5xkj5xdxkqs76ieml37537nfhwd2q
freedomforum.i2p,abzmusjcm3p3llj4z7b5kkkexpsxcnsylikokouk5txfim3evqua
freedominthedeepweb.i2p,jajc3urxerox3f2gfpfdgcvwcghnpppyvurh4uo2wwue7yebhxoa
freefallheavens.i2p,giqnkltyugfmsb4ot5ywpvf3ievuswfurk6bjie4hxi2hh2axajq
freenet.eco.i2p,2kf7ovb35ztqkrurkm76y34jfpwi6go25xj7peznnmxrl7aieo7a
freenode.i2p,f3wg7rq6mzlpef4mb675gpaohmbicmeu64jsgn7iahijljjpflva
frenchsharingforce.i2p,jgj72ptq43shnabzljbza2o3kx7qryrpjqhotscalllr7yqiq3ga
freshcoffee.i2p,sscuukigp6alcb3ylhkcugoejjfw5jqgtqbsbafw4hyku42lgc3q
frooze.i2p,m6ofa5dmyse4b4jg7kfmluuuc4pw5jqu6zh4qnboin4vropxepja
frosk.i2p,63naq7zb3hvbcppj2ng7qwf6ztusp4kwpyrzbt4ptafcdbu4pfjq
frostmirror.i2p,ycz3imuz6yte2zhlapmsm3bsvc46senvc2jxzwsbfdct5c72qulq
fs.i2p,ah4r4vzunzfa67atljlbrdgtg3zak5esh7ablpm6xno6fhqij35q
fsec.i2p,z432orw3ba45bxy2adkb7bdycva5xrraqu4fbzki5bnluxiqtvsa
fsoc.i2p,vaqc4jm2trq7lx2kkglve7rkzxhhaptcwwl32uicx4ehf5k3hx6q
ftp.open4you.i2p,4ek4ltehr35aicnduha5gl3tiu6acnbk7v63yicjyd5sx6mzs5yq
ftp65000.open4you.i2p,vzv2sjdkcgzyb47u7ump63sqgli75za5qcgilnzpt5cyvpyez5va
ftp65001.open4you.i2p,e7sqiurf3njnhwbkeen5wjoqgfdhdpehcqgwyfpm62oew7c4lyzq
galen.i2p,4weo7zkxscxbcouiqx4mlnb35uwl2lromikzk33er3fljktyvi2q
gallery.i2p,2ps7wt3v67ni2d535lwaubpsuuhxsg3igifsy7qlzolbrxaimunq
games.nine.i2p,ov27guhkdyhgdkqcsi7ipxsbudytn7bj3qp6ovwk6ih2wwu6sl3q
gaming.i2p,rfxberwod6st2zc6gblqswxjl57nucgc3xrbwss43pe3dvqqzj4q
garden.i2p,qkk2dqx6nocycgt3vinsoc76cxkb4jreybcpgz3fcps2dbe4rowq
gaytorrents.i2p,fnggbr2t2aulr6rvlo4aehotx6wecfob7u3k2nxsnvtm4xex424q
gcopy.i2p,3pa2pmbix7cy6ihlydjohqudnwz5ssk6jvwqiouoc2lq2p77a5eq
gdd.i2p,ddlxcqyifaajcshyzy7d5rw5ziqil362gljf33gjlstbkroaxi7q
geekycritic.i2p,yaqnhwfrs7u5he3cwd76feocjxafqekj25hl7dngr3xwuti57tta
gelboorumirror.i2p,lgjfssrj7sznvli7ebtadzo2leefvxi7uzyt7aprtgxyh3xmi2cq
general.i2p,5fklrsztdqpl3hkkwwrrw2rdowrq7wwhwb6h7avvk4fhansp4vvq
gernika.i2p,wpzqv3lxpecdsvcaadvbmrhhwlc7kp4n2mijdv2qjw3zr3ye232a
ginnegappen.i2p,kbhfkzx5jeqhfgss4xixnf4cb3jpuo432l3hxc32feelcmnr3yja
git.devfs.i2p,yklo4bsbwi66r2wlbug5jrkpx6tlquo34knzaopsboiz5dnxn5rq
git.nazgul.i2p,2o45uut7k4wdmup3nzncyjh4zuzwi4rm6xrucsf7b24zhlkoir2a
git.psi.i2p,em763732l4b7b7zhaolctpt6wewwr7zw3nsxfchr6qmceizzmgpa
git.repo.i2p,vsd2vtgtuua2vwqsal2mpmxm2b2cpn3qzmqjoeumrrw2p4aot7uq
git.volatile.i2p,gwqdodo2stgwgwusekxpkh3hbtph5jjc3kovmov2e2fbfdxg3woq
glog.i2p,ciaqmqmd2wnws3hcpyboqymauyz4dbwmkb3gm2eckklgvdca4rgq
gloinsblog.i2p,zqazjq6ttjtbf2psrtmmjthjeuxaubi742ujrk2eptcsaoam4k7a
glunews.i2p,2bka7rmfn75ollbwq2cgzf35yxx3qz3lttmwi7i5t7iptlj74yja
go.i2p,ll6q4lsirhwkln4dqxwqkh2xu4mu3jiy546b4uhe4fypyb4vvx2q
gomi.i2p,wne265y2p6xuaefqnhk2rb4gfhfiw7udvilnujev33f7tlux42ja
gonzo2000.i2p,nogsv7okydhbvrewv6hb4xdojncvhkusnyib4lglluc4uw67a37a
google.i2p,4p3ajq4cotnflmuv7fhef3ptop5qpm3uzzgp5bahxif3nc4w3ffq
gott.i2p,dqows7dpftxxl2bd4bgcpkck6knrysdun6mtqy4ms5dxobbvg3ja
greenflog.i2p,zny5ftmhzxulxzyczmeat53qjnue2xtqv2clisc7dg76lwfceecq
grimore.i2p,ij4lpzuyyng6cc4jw5mxibcyjv4rx4uk6x5jijoduglkgjh7mmya
gsatdesk.i2p,yfcliyat7jjuj3qfdbaunlbt25icteuilkmru7unl2tdmq5lxaba
gsn.i2p,r6o3boq27rhrnoc5xzt2l5azmnirnldt6lvpgs2xfybeb3caju6q
gusion.i2p,4qyfdhizjixe2psu7wcvqufix5wlijocehpb2futurcmlhlktrta
guttersnipe.i2p,kizkhzes2bzp45widihremo6geepfk7dl6juourkvzuvlc6y3spq
h.i2p,cdnb77zmuqudreubv5trohs5mx5qkg6rmue3wvkfcqmccpeciloq
h13.i2p,tozb4vssixoccyqtgnpaatkg2ql52kkjwnsdo3dltezges2na4bq
hagen.i2p,e2t6rqd2ysbvs53t5nnaf7drllkgk6kfriq3lfuz6mip6xfg644q
haisse.i2p,rqcuzhlqyxyi336rx42h5ve3bhapzgifkepob3u4mo4vcikvg4hq
hashshop.i2p,ltrposvzibc5ahwbcjgyk7akq52udeuetprotyy5sbclxp6v6yaq
helikron.i2p,nuql7jdr3qw6n3n6rwcktuoboglh3cppk67rohlwwufbciv4n7iq
hellobs.i2p,e2ceaajfc6w3ts24rnschqc2cxhqqbr37klmwk7b5kwgbevbe2ca
helpforyou012.i2p,qzvqga56u3oupv7ndhsj7zrc5yngysgg5ayyqbjtkj5maw23ibqa
helpu.i2p,3rs5qlv5bdpvwmsxhnh4gjw7yrta7eoe6wjcrny6fudzottnxmua
hidden.i2p,iqodhhqo473qv5gwhjcs2bsrbhlqtpzgpnuumpastfiyhuwb2kyq
hiddenanswers.i2p,kj2kbzt27naifij4ki6bklsa2qfewxnkzbkgvximr4ecm7y4ojdq
hiddenbooru.i2p,zma5du344hy2ip5xcu6xmt4c7dgibnlv5jm4c2fre5nxv44sln3q
hiddenchan.i2p,6y4tltjdgqwfdcz6tqwc7dxhhuradop2vejatisu64nwjzh5tuwa
hiddengate.i2p,rvblcu54jvkkfffp3fobhunsvpgfc6546crcgzielzwe2s5m5hbq
hikiko.i2p,jwifa3ysjbrygc6szxchn2bck5zonnihhxwrotly24se5xob6p3q
home.duck.i2p,jsh7yfvm2t5urdcnmfzdy4n6vegqskdtlwem53chgxli4ipfmuma
hopekiller.i2p,kcaelbgsvrkiwpx36b4wxofebrl3njx7rgm5amzfmqwbomt44cxa
hosting.i2p,ice6ax5qrzwfwzsy64bctffj6zlzpuzdr5np65zsxlbt7hztyc6a
hotline.i2p,6cczi27iuxkm3aivazaemzltdqgh42ljzurqp43uclbz2lid2uqq
hq.postman.i2p,27ivgyi2xhbwjyqmnx3ufjvc2slg6mv7767hxct74cfwzksjemaq
http.entropy.i2p,ytu7kz5bdoc26nkpw2hajwt3q7n5rcbg2eokyefhmkxmmslimbdq
http.i2p,ygzrfsuuytq6chx26qtdd5a3z5as3ylymqy7hxjnn4xaxisw4x6q
human.i2p,nrtcelq3humyfvoxmzmngpka6tmyifweouku5mbi5av4lc43hzaa
humanresources.i2p,pwm7w5z44w7xblqpod5ou3nfvw3izybfrw5waeqa3vuvzwl6xhjq
hypogeum.i2p,wryo5vzllas5g4hxjhofzmvp2cnrv6flpof7pwd7lrrdxeazb6tq
i2chan.i2p,fu3imms3gjyroh3phqsehq6c32zszvyg6qrundumhuieiyjc3sza
i2host.i2p,awdf3nnmxxup5q2i6dobhozgcbir7fxpccejwruqcde2ptld443q
i2jump.i2p,633kqgmwzzu6vhkevwvbf2pfyejt3gkes34i6upa4og57fgdfcxa
i2p-bt.postman.i2p,jeudwnx7mekjcowpqo6xpkwn7263c57y5piurrjrdzinjziu4fla
i2p-epub-eepsite.i2p,yxvzjwd4vin6pnjauekdufh7lxaijal3kqe2bhakuf47g5zkb6xa
i2p-javadocs.i2p,icgmr6hhjudl4yxhtuq4pxvss2pzypwddzowajgs5rdz6f55novq
i2p-projekt.i2p,udhdrtrcetjm5sxzskjyr5ztpeszydbh4dpl3pl4utgqqw2v4jna
i2p-scene.i2p,cc6z3xuw67d2mpq5horgu4mpk7hybmhutotmwvmzzpvoudggifuq
i2pbote.i2p,tjgidoycrw6s3guetge3kvrvynppqjmvqsosmtbmgqasa6vmsf6a
i2pbuggenie.i2p,bioq5jbcnfopqwvk7qssaxcl7avzeta6mu72jmxjeowflpcrhf6q
i2pchan.i2p,tduxyvfs7fzi26znvph3mu2d2ewaess7emomfci22wvownajphuq
i2pd.i2p,4bpcp4fmvyr46vb4kqjvtxlst6puz4r3dld24umooiy5mesxzspa
i2pdocs.str4d.i2p,yfvbtrhjac3jutdsqzugog6mbz3jtyhpwovrt2mqc5mzv534y7cq
i2peek-a-boo.i2p,qgv64klyy4tgk4ranaznet5sjgi7ccsrawtjx3j5tvekvvfl67aa
i2pjump.i2p,2mwcgdjvfvd3xwumzqzqntual3l57h3zo7lwdmkjboeraudpkyka
i2pleaks.i2p,koi6osleq2ervyhkc26gwqr57x3gxbqzvwqkdlz73jmtjnmiykdq
i2plugins.i2p,bb63kmnmbpitsdu45ez54kmogvvljn3yudksurcxiyq7dn5abt7a
i2pnews.i2p,tc73n4kivdroccekirco7rhgxdg5f3cjvbaapabupeyzrqwv5guq
i2podisy.i2p,3c2jzypzjpxuq2ncr3wn3swn5d4isxlulqgccb6oq5f6zylcrvcq
i2pr0xy.i2p,jgs274mwwt4zvwzk6nthbjpqsencoz75ujoceh3bisxyt4khyvsq
i2push.i2p,mabdiml4busx53hjh4el5wlyn4go5mgji2dxsfyelagi4v5mzjxq
i2pvideo.i2p,n2ejmbpvf3ocisxmqeknrkzesyaoxaowsoltwc32qytios33g43q
i2pwiki.i2p,nrbnshsndzb6homcipymkkngngw4s6twediqottzqdfyvrvjw3pq
i2vpn.i2p,bduw26oby3cjuwihuxbf6ruhyydupu43bpr4su23pdzugsnhh4ha
icu812.i2p,bxgqwfsnr3bgnr6adn62anjcin5nuthqglotb3wn3dgynsfofeva
id3nt.i2p,ufuqdzsxltiz224vq5gnuslt3a3t72dhy5kq6i2xway53m6pzv6q
identiguy.i2p,3mzmrus2oron5fxptw7hw2puho3bnqmw2hqy7nw64dsrrjwdilva
idlerpg.i2p,ghw3xixix5dk2y3pzjsvmlput7d3z6pawkwe6hme5jddxmzqkama
ilcosmista.i2p,6u2rfuq3cyeb7ytjzjxgbfa73ipzpzen5wx3tihyast2f2oeo24q
imhotep.i2p,qegmmhy52bdes2wqot4kfyqyg7xnxm5jzbafdb42rfoafadj2q7a
in.i2p,r5vbv2akbp6txy5amkftia757klgdy44s6cglqhmstpg65xycyjq
inbox.i2p,rw6um4xv56eggo4bb2yzn7epdkyhggyjjc2rskx5nkqg55w2jq2q
infamoussec.i2p,k5nlxksp2vrfj3ber3gvmt3wbsmxkirsywkoub6rqqbiozp44clq
inproxy.tino.i2p,ex5yf6eqqmjkrzxnkn6cgvefgne24qxsskqnpmarmajoit43pgma
inr.i2p,joajgazyztfssty4w2on5oaqksz6tqoxbduy553y34mf4byv6gpq
interfray.i2p,qdlrga6er72kfbzwm7qrpq6m3c25ufu327gjamgfzwto544l7fza
ipredia.i2p,xnrx3wxiatblnustrikohrodrtddve36zsqaubtlf4wh2zazxgma
irc.arcturus.i2p,5nywlbn35p2nwsymwpfmicu6fxono6g64vwusxbsvmm2qwz6vupq
irc.baffled.i2p,5zmtoopscym6qagkvpgyn7jnkp6dwnfai745xevkxlou77c2fsjq
irc.carambar.i2p,hxzbpivxqxy6nuae4t6fnkhcgnhs4c72vt6mmsqfmfhrkn2ca6gq
irc.devfs.i2p,2tnl43crujj7gfko6ln4gp64zl5fkh4djvcjx2piyjvvsl76c5ba
irc.dg.i2p,fvp3pkcw4uvijqabwtekcdilklp73gyasuek67wdcs2mucep4caq
irc.duck.i2p,chdpmm4gxffyn24xx5dhxvfd5httu42i5gtoe6cctjlsf4mbofeq
irc.echelon.i2p,ez2czsvej5p3z5bquue5q3thujcodfze7ptybctqhnqc7hms5uzq
irc.freshcoffee.i2p,ubiu2ehtfnrleemgpzsqkahwnvzuaifqa3u4wmaz5maaisd5ycfa
irc.ircbnc.i2p,4rqcsqd7xif6r4v55blqvmqu5er6due4eyene3mjorfkts4o3rxa
irc.killyourtv.i2p,wre4majmg2vnbi6id27et7yw6lnpf56wkbm6ftnlwpvxnktq73hq
irc.kitsune.i2p,cpesprosbsuycn4ui3neidqdtqz5ufekthob7cobl3p7bcuaoh3q
irc.nazgul.i2p,uot6nezrp2o5eabprnf4dzgtc3plfqy7yvdnowokzw7x5yhwvjza
irc.nickster.i2p,dhq3fhd5scw3jqhj5ge7kqfpprfolcgxfjbaw24obohaiqjtdu7a
irc.orz.i2p,7gifacog4aoons3syybojbbnyqqaaqijhngrehn2xlq3eucuyjcq
irc.postman.i2p,mpvr7qmek2yz2ekegp5rur573z7e77vp3xqt2lfbco5i6nkfppcq
irc.welterde.i2p,424n5ty6bryfsn3m3buckx4njs4vaw2qch7drfdq32btsyycbflq
ircdnp.i2p,yraqgyioird5hrzwhruqdgkykurgrme4nt3g2vxvfeyhfkujvpva
irongeeks.i2p,ecduxoion5uc5hnvzjxff6iiwhdwph6gse3dknyvlo7e6gaeho7a
ismismis.i2p,5bgjw3l4unhq2suqjosefozpbxlqfcb2ebuqmfh4awazgp6hr44q
isotoxin.i2p,wue3ycaccf4texikza3fh6p5yrmtgnooisuypnepo5mo67lmpcqq
itcooky.i2p,fpprghfrrwc4sbvnuzmnruk2es5mhhf7gkh3jha4cczwd2rl7sgq
itemname.i2p,o35ut7hgywy35okvgkjkv3ufzv2ejv4luap4oytwbyy2jqy6u4vq
ivorytower.i2p,fpwrfvidfexsz7dspofkwtkmmizm7lyralfz5kvykffk7gubvxsq
j.i2p,kjxvohlsf5sdrzxzfcrmvquccnoevi6ytbl63mstsru5wt2dx3ea
jabber-2.i2p,pvnmzgemetkwcuvt45omgowmeznwk5xw3nc3ygeoz7yekqxy57na
jabber.duck.i2p,rhdzvvzraqzzm67zpyegb7knpfrjeffitixqzeyymdoz56uh2rtq
jake.i2p,v2axvy6pqefnla7gun5fmqs4lqe4xfyqovgzcundhxrpcdvfd7cq
jar.i2p,2fthkmujup3xiiu3yple24n6g4emzdiiimbuqwvpdddtsr3c4nrq
jazzy.i2p,ha5c3zafwkt6mwqwjcf4oqwvbwz473652ljjadiwrj4gfkfkjofa
jdot.i2p,kw4jr5qw4bhnj33avkwankjdh3zi7wtahlmgkjwvsv2isskkzgpq
jhor.i2p,c6rnm7oemydhuwzmhwwwxphkzanez5rnn7fkcs3lpgu6gkgtssoa
jikx.i2p,aazr55itvyns4lwppvx5njyx5tjdwemw4w6jbmpegdunznod2ieq
jisko.i2p,jxgfvr663uhr6m65hrgkscshysfshkq32ywdubc4ed7zda3e2pca
jmg.i2p,oglpnq7zungdukmk6gk5fzj5jp6wibuoihqgks453wztrwos4ggq
jnymo.i2p,nbfplxgykyfutyadlfko2rmizdsxox2pee2ahboj5mju4s3putda
john000doe.i2p,5u6jikwqg445gd6uhmmc547qv5yrreuxevjyub5bsla6rxdpjknq
jrandom.dev.i2p,htynimemonyzqmn76gworxyfkmqtsa7zcprbrd3i5cxqqm75tuzq
jrandom.i2p,dqows7dpftxxl2bd4bgcpkck6knrysdun6mtqy4ms5dxobbvg3ja
jwebcache.i2p,xdffxnxtjd6ji2zig3cgva7igvl2tiapyjoc7ylbzwqhxudbmvfa
k1773r.i2p,zam7u6vslhemddz347uusuzjdk5wma4h5hcmcqlng4ybbpdbjhnq
kaji.i2p,z5ic7gvm2k4doczphtrnrspl2w5sfbss2de4z3ihjijhtjw67ydq
kaji2.i2p,4lscgc6napekfx7ay5fdcjofeja4fnl7tqcd3fek63t4saavur2a
kaufmich.i2p,xkbkyfgsfvbqhpcofqzwv4ekhyadrjzlrszghjajvv7uuyad2rsa
kehaar.i2p,awzzfuvi7rrq3ue2qoiuso5n6s2cgm5zevsycg6qv7tcipok4eya
keys.echelon.i2p,mwfpkdmjur5ytq4og36ym3ychinv36b2a57f4rmgqmtrwepq3fva
keys.i2p,6qv4x7ltaxckd4vbay5s4ntqqflq4efk6oke2d5yzicqrmk443ba
keyserver.sigterm.i2p,isoxvnflrdn7cm76yjlfg5tbcugoito2hur7eidbqmo33xmwz5ga
kha0s.i2p,pgyrawdmaysc7fqfi4tn4uziv4izekgcndlw5wjcsshbekuzizvq
killyourtv.i2p,aululz24ugumppq56jsaw3d7mkbmcgo7dl2lgeanvpniyk2cbrda
kitsune.i2p,mubckotdo3ju3fof4z6t4hh6a6rhzmkexclh4vfhddfyo6tkqtta
knotwork.i2p,2yocdbcjiyfaqgxb4l6oenrrrrie6nydgmbnbfulqg7cik6bozxq
kobato.i2p,l4kzozq64uv7azieh2ggmsb22biqdv2lodbxbb2tlbnozyxfyzya
kohaar.i2p,qchpjehbhqjbxdo7w3m55jbkrtsneb7oqoxcr24qttiq6j5g3z5q
korea.i2p,eadov57a3jaj5x73ljhaxxltifv7xboujbwkrxdx552cqfjpygwq
kovri.i2p,j3hdkil4juppzdz2z3hiybauoagcq4rz3lcqygge5tmg2ea7vs3q
krabs.i2p,3yamyk5bgfgovg6zpvtvpdjk37ivjj2wog2w7wha5agzgxxkqaca
ksafe.i2p,wdu5eqgh2p3j4qbmnwvtaquk2wqqeogvnjxh6oaxvtd4f3bwgfmq
kuroneko.i2p,wbit2huhhwlyqp2j4undccuyrodh6qcmzdeyuaoy5o4ym7g5gdgq
larvalstage.i2p,h6de62jrrpn7s7omf3y5n666fyzwyzolkctsatrgshgp4juozeja
lawiki.i2p,ddwc3z7tm6yuvh4mzmqne2ifn7qglbz73zyqxtkewlpzl7kpmqzq
lawiki2p.i2p,dkb5f63obsb6wmzcgilebjvmgvw4wmcgzbkczu3sntgckmtzweza
lazyguy.i2p,ia6xlsnygorllplx2owokahtrkospukvsmysz7i7bzw3vejc4hdq
legion.i2p,5oirascyhwfy2tr2horw6mixozsre7z6s7jfq7qbnj523q3bkebq
lenta.i2p,nevfjzoo3eeef3lbj2nqsuwj5qh3veiztiw6gzeu2eokcowns3ra
lib.i2p,nqolhhg7wtr3wyjsxszjhjgh45uztj3xlrtydagwi4fi7ftnbqsq
library.i2p,brqqaq44vbeagesj5o3sxcnkc5yivkwouafyxa77ciu7l644ei2a
library.openaccess.i2p,a4kb6pcm4er7r2j35z4vmfdu77qkl5m42nqj5x3moackbscmnjyq
lifebox.i2p,pyqjnycm55cuxow22voqj62qysrjdnb6nbyladaiaiirqi7vp2yq
linkz.i2p,x3layud2n2p5doors6c3xki6jzxbtqqrqrwra3f3oh4ubbu2b2kq
linuxagent.i2p,ap5riaikrjq2uv5qvy7klzhhqywvqi7wqscyipsewcun7w2eynlq
lists.i2p2.i2p,vmfwbic2brek2ez223j6fc6bl5mmouzqvbsch45msvyyzih3iqua
lodikon.i2p,u3f67staiwhqxpacya3clmvurdwd2kp7qcthzhstqnhrmlwc2g4a
loinen.i2p,fhlhdpvi6mag7k3ojtmjcwbmkkvhdz5qidjepdcjfs6mkgia425q
lolicatgirls.i2p,a4lzmjyba7aq7hl6okqpds7znnwymolqnr7xhvno2wraqb7uhfla
lolicore.i2p,houswh44wgppohpcr42jydnsqrngvwuwqs2z6jjoh3letwfg4tna
longhorn.i2p,pohcihzxzttjclrazhs3p76wt3ih737egb5bovqb6ym3du6z3o7a
lostfaithinhumanity.i2p,xjv2xlfbipbyjptzgisescucanns7txvovq3ibntkc2cgzttftha
lotnv.i2p,ziwehd4aooxlcdoixbb6xxlgd2s3snmalffca3pzwc6tmuf2sftq
lotteryconnect.i2p,pic52h2sghmghyx4yhv3jmfwshslzumqbgc3dzlqjjxaekdbo7ua
lowerorbit.i2p,s247h5gshsjab2yoviei7bftr37r7hrdqaljjgxnheivbs45pona
lp.i2p,jiklbujn3cbfikf4pca526jgmorx6mxhil3twqmfoteaplx6ddwq
lucky.i2p,wx36m3wnpt2y6bngdpg3ifrarvtkpwnluarx377bllpgvkuhybaa
luckypunk.i2p,y4t6cujjxnnrtln3rgmfbgbh46hic7wkef57krd7opitbgngohka
lunokhod.i2p,3yc6sp7xic4grmpfecbwuij6z3dp5kdgoo362pszaco7io42mnwa
m3w2.i2p,pe2yxmkgemhg5gbum3guhagf7jj63injfdezus5sfmulnvddt5iq
mac7.i2p,3yjowssqzydciwa5zx55kazgf7q7w6g7rkocr7bngy35ii44t34q
madman2003.i2p,a2sam2xbhxbzmeyobphbxrkdwlppoerewq5qvibbyk3ftsr643qq
magnets.i2p,snz46nez6hrrpg6336neinflw56l3vwatk6bzzytwu77xmsfsoca
makeworld.i2p,pcvzbhbqendkprcj3qfb35cgnmnqdl4bm573gixltdaxz7hifpia
manofperdition.i2p,wy3gcnlkpgirkqnlv6gdo3jx6sh7wqxxudi4cklhmfvytojvxoya
manveru.i2p,pbmbofs76wpjnxi55eqtwg4y6ltyij72o4fm4sxfjol3y57ze5sq
mara.i2p,6ejek6q35k36gwvt37wli7abnlatjmxob2oe7rhl7rz6bexxknqq
marcos.i2p,vpo36bsil2voqaou53zshuegssqaroa5mbrzxfmhjywlbojckalq
marshmallow.i2p,svdqd6j3y3gwryufcl4fkzpmcujgvrvphvk2oy4r7m75xs327e2q
me.i2p,dbpegthe42sx2yendpesxgispuohjixm4bds7ts5gjxzni5nu6na
meeh.i2p,4oes3rlgrpbkmzv4lqcfili23h3cvpwslqcfjlk6vvguxyggspwa
mesh.firerabbit.i2p,3x5wokr4bjy5z3ynji4fyhvwzv4fvgry3xafi5df5h75doezjytq
metrohttp.i2p,lqp2pley42h2yxg7clrlnbacpq7kq5qnunln6wrtaab6u3vf7iea
microbleu.i2p,mtapervgibruizniems2yyr47pin2wpysyh7m632rigl26vjc6qa
microsoft.i2p,hvaqr5idszdyrjph34amb4mjosqd3ynggoxlnj7ciqhnx7q6plza
mig.i2p,6npfff3ensyo3hcfqtkf3wcbbz3mp4vstrwcgor7g4apsdsvb73a
mincoop.i2p,wnhe3mehjos6iowxt32o276soshvyxra7gqj6hhyaeulzilq63ua
mindisl0st.i2p,u7rnqhvsuyxd3fabm4kyzn7brgz3i3cporj2emk2jmbpcmltyf7a
mindspore.i2p,uuh5dd3y2rqa7x2jpggm4p2pg6znarm5uanwsvybe4tk36ymwr4q
mirknig.i2p,daambhdto5cn7lhnb32l4laankzv55jpprlaghw2nxscvsyqifoa
mirror1.lawiki2p.i2p,fzeuhovlrmtqim34337hqn65tsfiz6sxpo7ehfg7lnkqyaigx7ua
misaka.i2p,4r6wonyrpjnuz6kpa2whyrbp7osfks6p44xrd4ucp2n7w4l5y4uq
modernmarx.i2p,tl3y4p7fbeycjymio4fj6zyr3n3gqa2cbk3jdvqgoylkbqhlhbgq
modulus.i2p,ctz3o6hdefrzwt3hlg6rjhdcbjk6irppbndq32u6jnn4lz72f62a
monero-build.i2p,wc7qzr43g2o33wsluagjhhd4rvrcx7h5hhhtfwl6i42kk3iuouja
moneroworld.i2p,dyuij25b2gxzq3hfvobwmrtcrdel2nuorntpuyngwr2lvv2kv2ma
moonknight.i2p,gza3w4cf5pvdbvuah6fpop54qtg26m4n3v7ogn2u6thwvqfm4s3a
morket.i2p,aofuard3ltrd4h7uq6qp23u3f35dxjbi6l4xfc6cfe7swljtzx2q
morph.i2p,iovyp2dao5rta6g5v6hke2s4ugx2btkpcljddak2yhxfrx3l4dqa
mosbot.i2p,5bhmrp43mjwlzf4x64xgdrkwmw4luvng6eq5waa663a7vnkp732a
mosfet.i2p,s5ynkgagndmpxpf2kmnenv4x72io664gzd2x3qef54ilammnte3q
moxonom.i2p,gcjdrvnlobgexh7ebv276pwmnoj3yoyaqm3w4vmmdha4lgxfinqq
mp3.aum.i2p,n7bmu5dwux7f6gedmdik6zrm77bnls4lkzo2vo3bf4bwegk7vkjq
mp3.tc.i2p,w3ied5s7ldjcvnhxu2gyofe3oogzbplkyxshzfkhspiy2526snsa
mpaa.i2p,m6cqnglo7xlytwxkdsmwf3d23d6lq5r446c3tktb2tdmuah36zya
mrbamboo.i2p,tmpmkx6wlbbrgsnexrqlrib7laoegpbfeop7bnyezegii7hecpxa
mrflibble.i2p,u7k2qcmkrril6yvudvwxjqz7k3dzgp3jdejjjeapej7liselj3eq
mrplod.i2p,fjn5hxtybxyfyvdf6u5v5seg2sjd47hb5by6sa6ais4w3xnrxwyq
mryuk.i2p,razf6cyxwygg5um3zud4zjvbc7pholxrma7jbzxinn4ewncv72da
mtn.i2p,xisk3h6sku3iqj52uriogaajmnku7pwjux7wa4omx2zloamuw6eq
mtn.i2p-projekt.i2p,f52x5fp6uhq53f5zle5d6rq5un34xgmxgazvilvmzcby37xcmsfa
mtn.i2p2.i2p,l6kuhtmgvbp57d7jwalj5nksi6nr4gfzbz4oit62lxgipb3llt5a
mtn.meeh.i2p,h7ylrsuzzynrxp3jql7anoozyqblavj7eqces6o3wngvuuxhs2la
mud.i2p,qcjtmicd3ow3q26iwcs62m5zu3dceu6emo3afezulh4c3fsgrkia
mudgaard.i2p,yz32lk42gtoesknesfolq3tt4erxxcejcote5pontaeqev3bj2kq
multiserver-console.i2p,fiuhzll4uw2xlkwtzw42o5ouhtj42y5ifpgajcxsgj372nopieua
multiserver-torrents.i2p,hvtf7lw3kmtozlripp6kzhxzkbeorcg5pwmrfmeey2xohfzsnv4a
murzilka.i2p,wu5ukmavxtb5334ncr6oi5a6fqutpurhmhzqtgl5ktkhycgq4s7q
mush.zeit.i2p,dk3sg23kljawxqp3cb6xz5mnzjlyckzvq5jhqs5gnvdsv7wqn6ha
music.i2p,akamh76yi6p7xxbvl3qv3yhaockne57yfuh77acogbgpjmwypvia
musicfile.i2p,vyp42nsgzhb4wuf4rraeu2dd574cc5goskxcwh75uokqn4u3z7yq
mysterious.i2p,p66g2a4nzfkvidd3l7nwphcnfa3ttyu5kiolcb4czec2rn2kvwsq
mystery.i2p,ccea4jybmr3xbfiykaoagfw7ezbvzyhtg44x2jgwhv7wscsxaa7a
mywastedlife.i2p,ceumy3puvvsrru5bmfmtgsajsx5qyehqac7l7a23xpwtfs2bvcgq
namesite.i2p,2uviv3enxrtwvrysyuzomh7yccvfnmryzzyqddzcyh7aqlrwo3oa
nano.i2p,ex5ssv7s3hj6jp7hvadxfw3wvbjbvnczxr4pbk7qw26ihiorjmba
nazgul.i2p,m6hx3udcpiabcx4mm6z3coqyyyjihkrypwrn7du6lum4wpnvvhsq
news.underscore.i2p,rl7t3kspoktuatjcu7gf7xleu7y6biibs4fspzo24kll6n7hbq4q
newsbyte.i2p,gsk3rgsejxxrfabjxu5w5plplxsu47aoeoke22vvhlwwllzosnxq
newua.i2p,sl4dw7gpg3ravvmz4fsmj3mweaxyqpqdmb2aadqcxp3vozm4ticq
nibble.i2p,jmdxcpdzqafedn3clc4y7u6o56qocfiffrzbzncmtggqtio5qjpa
nic.i2p,vzu5ymab6klevpcdudv4ypisjqaznmt44e6lcg7dwiuza4saibxq
nickster.i2p,zkwsa6kvq2wdhovw5g5wqakpb7rlaylyhfriwmurots5pvwbqauq
nickster2.i2p,eofzi7npzpk4p5gb4qper4hmwgxo6kepo3dheeblakewedxj2bwq
nickyb.i2p,gmpxk4tje7mnud32kg2kjmf36f6cpwqakzc2dxuzjnnz4qr5w4sa
nightblade.i2p,p4gkon7ytswxrbwkl7vruw6mg7kfw5aofovqjgt4c7tnqmbq6lha
nightfort.i2p,6vth72b6i65jjbjvxvqxgsydpoy2i3hvn3rjcp73pvdm3l5xwevq
niipp.i2p,uiob477tc7uktrfmj6tvkf6uq62xg2olwdys2vzzki2mbmwxtkfa
nine.i2p,gniusiswp2zhjwh6bxdlyzk2ocg2cx6xxjwcmih4mohjs5sokqsa
ninja.i2p,q6dg6hlb3egzdqz352ri5rc4fx4gcrdeu3tpiyfxlv73yfjgrhya
nm.i2p,3itdpqzyn3ii7sivppo4sxxwhvgtpskzkbokrdibim6gqpvlw5ya
nnm-club.i2p,xkk5fzxdmjra4xlijoa43h5cfcbusdjc6dbfplulvouxdbztokwq
nntp.baffled.i2p,kc6muo2tih5mttbpzecteegvtonuysjidk3emcy4cm4yifzild2a
nntp.duck.i2p,gvzzor4utsqxswvf6jaglfks7yxudlz2s326ftrk56i4lpd2s47q
nntp.fr.i2p,npoztnqadfnu4vrokoh6rusoi3yne47s6jurc3lzhcrzzia5eqva
nntp.i2p,wwdzmeyler4djegvyt2bxmkwrckfgg3epkkwowyb75s47he6df6q
no.i2p,lpsg4x4gdrf7antxcdy47cl6abcqei5ommgzt55retq7go5ku3ba
noname56.i2p,oiyoslismzyxuw7ehxoigmtkdj35idim6flmlplddxuiiif6msfa
nonick.i2p,rmzbmxr4nrsbs2qewmmcbld4qjhzkgnjh7c6qgusvwm2wn62zvqa
noone.i2p,6w73w226acl4csyhancwk5jcxp5hk7dqosf5uo5d5bfvq57osboq
normal.i2p,j5fex634r2altzb3kjvu35qekt2r3hgsqzg5qxoy7dp53heu5pma
novospice.i2p,ukqap24nwac4gns77s4zy7j5cagt7l7syb5zo7eukfg3zn5gg5qq
nuthxorzcl.i2p,d3ywc3epzry6kox4d74hmncd2jkovsscr4swwmu6wedb5k6hlaea
nvspc.i2p,anlncoi2fzbsadbujidqmtji7hshfw3nrkqvbgdleepbxx3d5xra
nxt-wallet.i2p,33pp74k4ivy67z332qpyl3qlcqmi6gxqumrow4bldkblxxlxqq5a
obscuratus.i2p,i4j37hcmfssokfb6w3npup77v6v4awdxzxa65ranu34urjs4cota
offair.i2p,7iyu7qscmm6gjmoqwuaadwto6bave2jk4gqzo7zgfnsw5ffwx6ya
ogg.aum.i2p,wchgsx6d6p3czloeqvna2db5jr7odw4v4kqrn4gr4qiipfyrbh5q
ogg.baffled.i2p,tfbvj2xal6lcuxv3hzuw7cw4g3whguombcv2zuotzvul4qtrimgq
olanet.i2p,ymcs6sgtayeu72okqhxwstu6a47lkvzoyupifmfnduncrat34sbq
omega-i2vpn.i2p,vjrjbpibj5hampiaailvhunltcslp7wxdz33a7isqvmegyabkkmq
onelon.i2p,irkvgdnlc6tidoqomre4qr7q4w4qcjfyvbovatgyolk6d4uvcyha
oniichan.i2p,nnkikjorplul4dlytwfovkne66lwo7ln26xzuq33isvixw3wu3yq
onionforum.i2p,yadam2bp6hccgy7uvcigf5cabknovj5hrplcqxnufcu4ey33pu5q
ooo.i2p,iqp5wt326fyai5jajsa3vkkk5uk56ofn4anocgpe5iwlpisq6l7a
op-faithless-electors.i2p,mrpdxxpafr6qrfgbsd7abhx4tnfi4373mpwv7iughasxgpdeglca
op10.i2p,s6cjjt6zbikp4rj7ayprfp5b5zhom6nl35k6th65dtbzh552uwwq
opal.i2p,li5kue3hfaqhhvaoxiw2ollhhkw765myhwcijgock5rs4erdqdaa
open4you.i2p,ice6ax5qrzwfwzsy64bctffj6zlzpuzdr5np65zsxlbt7hztyc6a
openaccess.i2p,a5fjpssbkv7h6ygjugkfucyitx267y45cvgh2ygeo5cvurs3wdgq
openarea.i2p,nmju26n2m7tyqbuis6ghykekrslqmpfwd6fspd4lvm2riqmtojnq
opendiftracker.i2p,bikpeyxci4zuyy36eau5ycw665dplun4yxamn7vmsastejdqtfoq
openforums.i2p,lho7cvuuzddql24utu7x6mzfsdmxqq7virxp5bcqsxzry2vmwj5q
openspace.i2p,uy65dhftzexjgdncmpa64i4ndt3ztua3oq3fm6fxeenjqaqq4upq
opentracker.dg2.i2p,w7tpbzncbcocrqtwwm3nezhnnsw4ozadvi2hmvzdhrqzfxfum7wa
orc.i2p,orcnge47kqnpdj4wb22bg6aqcv5v6yu7kmjf5ll3htvseiqayntq
organizedresistance.i2p,kpspvipmqbfe3dft2sgl27km5ncalvugpphewnyde3yyup6q5pca
orgasmic.i2p,yf5hcksrso2dj7etxonum63ijmk2gamp6m3ql3xpxh4q4f35afsq
orion.i2p,5vntdqqckjex274sma3uqckwqep2czxs5zew25zlntwoofxk3sga
orz.i2p,oxomqkekybmyk6befjlouesit5mhstonzvzd2xnvsk7i6uyrqsfq
ot.knotwork.i2p,cxhvvfkbp2qbv5qojph7zb46molpe2ffanghnerjag3xdmy6ltxq
outproxy-tor.meeh.i2p,77igjr2pbg73ox5ngqy5ohzvrnur3ezqcogtl4vpuqtrcl3irsqq
outproxy.h2ik.i2p,nwgvfpfarpnyjjl4pwsxr2zdsppcx5we3kos2vlwicbiukopgaza
outproxyhighanonymous.i2p,tujgzpy4yq3yoenbgybivrvsrzh4cmj67j2j43kik55dnpqlbhcq
outproxyng.h2ik.i2p,v32zse2zczzgegelwxbx7n5i2lm2xhh2avltg76h6fz5tb53sfxq
p4bl0.i2p,lkgdfm4w6e2kkjhcdzr4ahhz26s3aunhrn6t2or436o73qh4z7ga
p4p.i2p,cdnb77zmuqudreubv5trohs5mx5qkg6rmue3wvkfcqmccpeciloq
pants.i2p,xez3clscjfafkqwk6f473ccp3yvac4kh6rdp6dptwxa2lhixizgq
papel.i2p,mxskjqntn2d34q4ovsnd5mud7cgde734tdjldd3lt4hczh2645zq
passwd.i2p,ojugl3kbejhzcmyq7x52ms5lraxsig4ofkhvbgzleraer4zczroa
paste.i2p2.i2p,b2gizskfea4sjxlw6ru2tb6kdrj47dsjc77cijsf5mzh4ogbmfvq
pastebin.i2p,mnicncxrg2qqi55qftigiitaheugnj4rpysbk7zabdrirgktelqa
pastethis.i2p,erkqiwnjl7vtysqd3wvddv6tfvnhswarqkbn4blhdlhfxn7cf2ha
pdforge.i2p,wzeg3ehf6d2mqjqji3sd3rns776thvhe2vam2r6gjlmsqis2dctq
permalink.i2p,vq5jx5cnmwu2bbvcwkv435i6hxb5qrhidaqmrpcurbqckm7mwxoa
perv.i2p,f3k3wm4ae7t7ottfjd4hu6is7zsls73izl2gm2qynzficxcdsiwq
pgp.duck.i2p,wujajyxj3cgsfsbtr3g7g7npv5ft3de6pcstxlav26zq6cxdjmha
phonebooth.i2p,noxia7rv6uvamoy2fkcgyj4ssjpdt4io6lzgx6jl6wujpufxedrq
photo.i2p,fqhuy77ugd5htnubzkyy5guvwboqn6goahtmn2g7feewvdj7k3iq
pictureframeofthings.i2p,x76obr2xmp4s2feg25xoxs3fs2odthqeyyluqu4rq5mflj6jqo2a
piespy.i2p,vzusfjzcu5ntnvobcvyzc4dcu4j6ommtnpmba2puk3kexgdzrl7a
pinkcloud.i2p,ah2vd6gmhkaivoshix56pxe3myk4yu5llug76wpzmjovojdn6tia
pinkpaste.i2p,o5zdq6iuire5eatwehhhylj7vbsdfedhm7wkd2hoejh7wxwfbqnq
pizdabol.i2p,5vik2232yfwyltuwzq7ht2yocla46q76ioacin2bfofgy63hz6wa
planet.i2p,y45f23mb2apgywmftrjmfg35oynzfwjed7rxs2mh76pbdeh4fatq
plugins.i2p,wwgtflbaa7od2fxbw4u7q7uugmdclxf56alddvizugwcz5edjgia
plutonia.i2p,iisguuyvimvuwbrtehk2ufxxabimaz4ckx3jasbrnrb62ivuy63a
podcast.i2p,yxxlvtvuiopr4u2rnk5hydkol6tf2kzv7izp34jz7q4orewzqsoa
polecat.i2p,het5jrdn35nhkanxmom5mjyggyvmn2wdj2agyqlrv4mhzhtmavwq
politguy.i2p,6dkkh3wnlwlr6k7wnlp4dbtf7pebjrph5afra2vqgfjnbihdglkq
pop.mail.i2p,bup6pmac7adgzkb5r6eknk2juczkxigolkwqkbmenawkes5s5qfq
pop.postman.i2p,ipkiowj7x4yjj7jc35yay3c6gauynkkl64gzzyxra3wmyhtfxlya
pracmoda.i2p,6wamu55p6z6a4fk6qxnmwr7yrimpl2aw2pbr74f2qbcmss33bswa
pris.i2p,ahiwycgzuutdxvfqu3wseqffdnhy675nes57s4it2uysy5pxmz6a
privacyhawk.i2p,qnfdfjfrcycygz5p7drylkv6pde7b5ehxemefjt63blqtal4cpaa
privacysolutions.i2p,4m626tvfr4skzunz7tri6oti3alinbxnoglnvqeqmf4mwvdzyaeq
projectmayhem2012-086.i2p,ehkjj4ptsagxlo27wpv4a5dk4zxqf4kg4p6fh35xrlz4y6mhe4eq
protokol.i2p,f4xre35ehc5l6ianjvt3zcktxkjlyp2iwdje65qnu2j6vurhy6nq
pseudopolis.i2p,ungmgjs2w6dmugyc73k2tppwebp5xxeiw37xbbxmmxuyxz7nuwsa
psi.i2p,avviiexdngd32ccoy4kuckvc3mkf53ycvzbz6vz75vzhv4tbpk5a
psp.i2p,2nfqfabeahfl3eeqxuum2sapzfedu4kkyydivlqjmp5ipvvqvmzq
pt.hiddenanswers.i2p,o5jlxbbnx3byzgmihqye3kysop5jgl3unsrkmurbtr2nrnl2y74a
ptm.i2p,7dna5745ynxgogpjermnq26hwrqyjdlsibpjfmjxlwig247bjisa
publicwww.i2p,oitoja234mwfbeuhtuibnxn6hd5v4nbtf7oxfgdhk5igrg6wkiqq
pull.git.repo.i2p,3so7htzxzz6h46qvjm3fbd735zl3lrblerlj2xxybhobublcv67q
push.git.repo.i2p,jef4g5vxnqybm4zpouum3lzbl6ti6456q57nbyj5kfyldkempm3a
py-i2phosts.i2p,3tex4wm37lbtnbjolege3yiopmfi3ahj65vu6kmnjhwzgrcyf5ga
pycache.awup.i2p,w45lkxdnqhil4sgzanmxce62sv3q4szeowcjb2e72a5y5vbhm4ra
r0b3rd.i2p,bxnj37oz3lsuraivx7axas5e436aqxgir3u4mxfbsb6njvtl63ma
r4sas.i2p,2gafixvoztrndawkmhfxamci5lgd3urwnilxqmlo6ittu552cndq
ragnarok.i2p,jpzw6kbuzz3ll2mfi3emcaan4gidyt7ysdhu62r5k5xawrva7kca
ratcat.i2p,lmur6cgjp2txuaor4zso2w6tvg54btb7iup552yp6qvnrlvw3rzq
rblcom.i2p,dysjyfzd3pd7i6lp54mt6hv33xpdvcblvr7nnzy7bfc3lyo4vaiq
rebel.i2p,nch2arl45crkyk6bklyk2hrdwjf5nztyxdtoshy6llhwqgxho5jq
redzara.i2p,ty7bt62rw5ryvk44dd3v5sua6c7wnbpxxqb6v4dohajmwmezi7va
reefer.i2p,4cde25mrrnt5n4nvp5tl62gej33nekfvq2viubmx4xdakhm5pfaa
reg.rus.i2p,k2r2wda4eavt4hoq5hptprqfmixusirq3gi5bl3z2pqzcd6felwa
relatelist.i2p,utrer5zgnou72hs4eztmk37pmzdtfw3d6s23wwl7nk3lkqpzbdiq
repo.i2p,uxe3lqueuuyklel23sf5h25zwgqgjwsofrqchhnptd5y6pedzbxa
riaa.i2p,lfbezn7amkzhswnx7lb4lxihyggl2kuqo5c7vwkcv6bwqmr4cuoa
romster.i2p,eaf2stdqdbepylt53egvixdi34g2usvgi7a4oixsja6atkran43a
rootd.i2p,mzbe5wofwn7eaqq4yefrmxizqaxoslwqxrv5qcv2opx5lnhg64dq
rospravosudie.i2p,z55khrnlj6bzhs5zielutm6ae6t2bbhfuiujwlrp3teubqyc4w7q
rotten.i2p,j4bm3rvezlejnb44elniagi5v2gazh7jaqrzhbod2pbxmgeb2frq
rsync.thetower.i2p,w4brpcdod7wnfqhwqrxyt4sbf2acouqfk5wyosfpq4mxq4s35kqa
ru.hiddenanswers.i2p,o6rmndvggfwnuvxwyq54y667fmmurgveerlzufyrhub6w3vkagva
ruanonirc.i2p,epownolfv227hhzogufiieiofi53za3qctgim7xobsevvntuxiqq
rus.i2p,gh6655arkncnbrzq5tmq4xpn36734d4tdza6flbw5xppye2dt6ga
ruslibgen.i2p,kk566cv37hivbjafiij5ryoui2ebxnm7b25gb3troniixopaj6nq
rutor.i2p,tro5tvvtd2qg34naxhvqp4236it36jjaipbda5vnjmggp55navdq
rutracker.i2p,ujyqbawolalwvdpy33v2wjuaspnu4ym3fsl3fd6mldjblzzqlvlq
salt.i2p,6aflphlze6btsbez5cm4x53ydrmwhqrkxsud535d3qjh4wq62rxq
sam.i2p,w2nzdyx7ppkjg7alcehqymsxbg2rlwgqvhdcw6rpuwcfhhpntfqq
sasquotch.i2p,p6535uyfk2y6etc3t47vd3oqxydznqior5jxcvq5bdxe5kw5th6q
schematics.i2p,tv7tcsa2gdzw4zj2yepmvsv22usouaqdgilerd54gbbooyucn6kq
schwarzwald.i2p,4gokilzy73mmudufy3pohgatm42fcstx7uzg5hjvnfyphxpnphuq
sciencebooks.i2p,ypftjpgck75swz3bnsu4nw7rmrlr2vqsn4mwivwt3zcc3rxln5cq
scp.duck.i2p,ghbpsolpnveizxu4wbs7jbs2vj3kntnsexfcdleyhpqdhfpxleda
search.i2p,nz4qj6xaw5fda3rsmsax6yjthqy4c7uak2j3dzcehtkgyso4q46q
secondrealm.i2p,ykkgrp4u6kmcqiyefiahcbcc5bxkutwketp4n4dmgkgawwitcolq
secure.thetinhat.i2p,4q3qyzgz3ub5npbmt3vqqege5lg4zy62rhbgage4lpvnujwfpala
seeker.i2p,ipll7sit24oyhnwawpvokz5u7dabq6klveuqpx3sbi6o5qemy2bq
senorcontento.i2p,g7f7vufsaam3yoehrb5s5lyq5g57zk5nxayqqczhxjxi7jfxlqna
sentralintellijenzeigency.i2p,kqq6r6z7twhz5nmqpy3hdqo5iifzaz2urker3zscs7m5mt77llta
seomon.i2p,5mvpsy4h45w4fx7upen7ay3vkrs5klphz5nptmtcqvc3fsajsm4q
septu.i2p,5lqvih7yzbqacfi63hwnmih57dxopu5g2o5o4e2aorq7bt4ooyra
serien.i2p,3z5k3anbbk32thinvwcy4g5al7dmb75fagcm3zgh4rzrt3maphda
ses.i2p,5qfoz6qfgbo7z5sdi26naxstpi2xiltamkcdbhmj6y6q2bo4inja
sglg.i2p,5sybuxmdtmzseu5svpitrm3pvxcfjdz7lzwyajih7sd65yjbt7qq
shades.i2p,ydgygpmvypw2liyqvldnv7v36etddvpr6ndwiheoc6n6ybhqt4fa
shadowlife.i2p,jme44x4m5k3ikzwk3sopi6huyp5qsqzr27plno2ds65cl4nv2b4a
shiftfox.i2p,wpvnuzslu7hjy4gujvnphtyckchdoxccrlhbyomsmjizykczyseq
shoronil.i2p,7shqzgmb6tabiwrnwlasruq7pswy2d3emvfhaitehkqgod7i62sa
sigterm.i2p,5tuw3uj6x4p5xousgqg53ygbsi5ixozxnnkgzzwdqlhtoe2fbzqa
silc2p.i2p,wt4mvbvnpqniywcpkrrjubvcwyskskujxjkhk24xmhrojdeisoja
sion.i2p,lcbmmw2tvplvqh2dq5lmpxl3vnd5o4j3bdul5moa23deakjrso5q
sirup.i2p,aohdp4yajnkitrtw7v2mo3sp7swuqhjfwlsi5xwd7dudzftumsma
site.games.i2p,zeuczucfxeev3k7tvqlfcdpfbnqggheiknyyb5r2q4utn3d2auja
sky-rc.i2p,hzd4piu7ds7rggelc3qiuy5hhe2guzdw7orjcwykehx33kyyjjja
slack.i2p,gfcsh2yrb2tx7hyvmobriv52skz7qoobn7n7y7n6xaehhh4rpbja
slacker.i2p,wq7m2wdguzweleb666ygv3bmfhha63zj74rub76vfesbyhsyk6iq
smeghead.i2p,ojf4czveeuekxqkjvkszvv7eiop5dg7x2p6rgfzl4ng4xrjk6lja
smlr-torrent.i2p,clwvfegt2avmf3uyxkojtbdalbsf3gahpf6rjxjn5l7l7aciyuhq
smlr-tracker.i2p,nhha4d47uddnb7lvsjxk4dxd7jcqenuixh3c3rk4t7gwfqyxxlsq
smtp.mail.i2p,kdn7zx7fgoe4bn5abaaj5cb3e4ql22fklb5veui5yajpj4cxapya
smtp.postman.i2p,jj7pt6chsziz6oxxnzpqj7mzhxm2xfhcrbh7dl3tegifb577vx5q
society.i2p,d6atkbmzbvh3tqflgieqe6pa2sma5x24q2nsz6mzdl3x5qhzreea
socks1.tor.i2p,sifawcdexgdmoc3krv46pvvz74nzd6fkju2vzykjxsx3egqsb6wq
sonax.i2p,jmuxdhlok5ggojehesfjlit2e2q3fhzwwfxjndts7vzdshucbjjq
sponge.i2p,o5hu7phy7udffuhts6w5wn5mw3sepwe3hyvw6kthti33wa2xn5tq
squid.i2p,r4ll5zkbokgxlttqc2lrojvvey5yar4xr5prnndvnmggnqzjaeoq
squid2.i2p,hum4wlwizbsckbudcklflei66qxhpxsdkyo4l2rn256smmjleila
ssh.i2p,xpvdadaouc4qr75pteymyozc7mcsynjfkuqqkkla542lpcsqionq
startdash.i2p,q7ed6xshnz5y3ch634rqitshg6cmsknqwl6nbkrpwmcaq2db3wba
stasher.i2p,6ilgpudnba4kroleunc2weh5txgoxys5yucij5gla6pjyki4oewa
static.stealth.i2p,vwzhvxtomztdzg6wkzsz7iv2snnjzcfcka2ujv3kd7qq6bkw4dnq
stats.i2p,7tbay5p4kzeekxvyvbf6v7eauazemsnnl2aoyqhg5jzpr5eke7tq
status.str4d.i2p,ycyyjo3psqbo45nuz243xvgvwnmzlanzqbzxv3kh6gyjztv7425q
stealth.i2p,wa43xn4jws2oy34i4wazuolaiknghow7zdhvnlnw2q3qtq5tnf5a
sto-man.i2p,rg4eilfpe24ws6nctix63qw2dlvd2tqgwdcgdxzji6l5bc4dc7aa
str4d.i2p,wrrwzdgsppwl2g2bdohhajz3dh45ui6u3y7yuop5ivvfzxtwnipa
stream.i2p,prmbv3xm63ksoetnhbzqg4nzu2lhqdnqytgsydb7u3quxfrg7rna
striker.i2p,4gswsrfpbd44hwjoj33jbqfbwzxfkwpuplb3ydq5zm7nfu2pxvdq
subrosa.i2p,g3lnglrnoual7wyabnwwv37uwhadgbxiqz36pf3f5cwfuxsx4mxq
sugadude.i2p,yzjn76iyqard64wgggfrnywkxi7tbfkw7mjhpviqz3p2dguey4yq
sungo.i2p,h67s3jw56rwfyoxqxj3fngrluybsgxc2meendngkehzqowxnpj3q
sunspotblog.i2p,mwtki4x66lgadduuvmtbrgwm3vteldo7tv647ls7aopljxwpi4va
surrender.adab.i2p,jgz7xglgfgnjfklrytyn427np2ubipztlm5bxrtbiucayglukrta
susi.i2p,qc6g2qfi2ccw7vjwpst6rwuofgzbeoewsb2usv7rubutf4gzqveq
syncline.i2p,5kcqmhislu3lmr7llgmdl72yu3efhyriljdc6wp774ftpwlcs5ra
syndie-project.i2p,xa63tpfoaqt3zru2ehxjjfbpadwj4ha6qsdvtcqtyr3b7hmt4iaq
syndie.echelon.i2p,vwrl2qmcif722fdkn3ldxcgz76df5cq4qypbndzthxwgmykyewta
syndie.i2p,7lm3yzpuejhpl4tt4l7o4ndqlu7hgijohofh7oaydx7q7kelenbq
syndie.meeh.i2p,tautkpuqt3qa2u66ghprubljks4hkfvopvrjjtec5etanz5xvlba
syndiemedia.i2p,4lrbbblclodhobn3jadt5bf2yab2pxzoz4ey4a2cvrl44tdv3jma
tabak.i2p,y5o2vwb6kart7ivpnbpk4yte3i7kf2dsx7fy3i6w7htqtxhmbzia
tahoe.fatsvin.i2p,jf2g5hus6gp2jfgk7zgc2cxtzeedxbstr3ju374amtoaq6p2ax6a
tandasbackend.i2p,trodg6o522t4ywcijvdoxpaeksnunvya33xbbsesd4ophhvl7lwq
tc.i2p,qkv2yk6rof3rh7n3eelg5niujae6cmdzcpqbv3wsttedxtqqqj7a
tecsoc.i2p,kng3ri7scfoqdogy6pkschn5son2ls7z4kpwgnosi7zknit7lr2q
templar.i2p,zxeralsujowfpyi2ynyjooxy222pzz4apc2qcwrfx5ikhf64et7q
terextools.i2p,3yglb32qhjlrettzgdlxi6o4hpe7jwxpxkfmkmf6bg3cwcbmgk3a
terror.i2p,wsijm6aqz4qtuyn2jedpx6imar5uq4yuhjdgtfqumxbqww47vbnq
test.tino.i2p,fijhlcnzjnkxmmclua32nlgohd3kfxbwboltkjcdlhmcoaxcir6a
theblackbay.i2p,kmo6ainnf2k5begl66qqq7mh3nteb3kki735mc5memnurw5pmrpa
thebland.i2p,oiviukgwapzxsrwxsoucpqa47s3wt6nfuhfjxvgbqsyrze2mwrda
thebreton.i2p,woutbsflcrlgppx4y7ag2kawlqijyenvlwrhbbvbkoaksuhf2hkq
thedarkside.i2p,fxt3z33nzkrg5kjrk7bp5vvmu7w2vsn4i6jo6cily3hsm6u664ca
thefilehub.i2p,fsojgg55w6vvpzcuw3e7nflmhublfdlb3mspnebuvjwgrvdwcz2q
theland.i2p,26ppxbseda6xmim37ksarccdb4q5ctdagfmt2u5aba6xjh452zsa
thetinhat.i2p,udvz7opxck6knhsww5ii6dgufbstxzctilwnenzhw4iaxfdeia2a
thetower.i2p,3xqa5nype64y6fxgqjq6r5w2qpiqftoraj2niebumseat4cj654a
thewanderer.i2p,d5mautqn2zrvq3ex3caoeihljurp7y2amf6bdicttyozra2ysrha
theyosh.i2p,ixd2ygz4xnfwu6cajexlguit2t72wdfpevgl5bbgn5g37jkt5amq
thornworld.i2p,vinz4ygmodxarocntyjlfwk2wjpvzndlf4hxss2w2t3fk52oplva
tino.i2p,e4bfnhvaofu4s67ztcgiskos2mqyhskid64dvlqexxs2c2bno3iq
tinyurl.i2p,mc4oxv3v7dnyzpvok7v5qxkwtgjprgyz6w7x3tag4fipsen6rdwa
tome.i2p,qktkxwawgixrm5lzofnj5n24zspbnzxy4pvjm7uvaxvmgwrsuvgq
tomsseite.i2p,pfs53432q5qwaincyjemcn6xfku6nhod6vzdukc7qoazya6rebpa
topkek.i2p,3f3rgvhbiccckgsktvdwn5xifinpap32uwitlkvwqbpryecswwgq
tor-gw.meeh.i2p,ounrqi7cfemnt66yhnhigt2u27fkctbvct527cp2522ozy3btjza
tor-www-proxy.i2p,xov45rvjks5fe4ofmpblkj23bnwxgslbypbgvchbr7yul2ujej2q
torapa.i2p,eejqjtpko6mdd4opvntbpsuandstrebxpbymfhix7avp5obrw5ta
torcache.i2p,fwzuwkk5pgnbhc2bl4ouqunznqifpnezj4vkfeu7kfxe3wvaania
torcache.sam.i2p,sd7x44s4fe25eem44wi22hx55gcg3vvydmhckllvr5acdcfb3yra
tori2p.i2p,6xonfs3xvpowy3rbhaezyhlyhct3ndm5eflspw3kwkuajphvassa
torrentfinder.i2p,mpc73okj7wq2xl6clofl64cn6v7vrvhpmi6d524nrsvbeuvjxalq
torrezno.i2p,ewtlezlikyspoc5xq2hpnbq2utolvil6euz5wfe6vxjq5ofirh5q
trac.i2p,kyioa2lgdi2za2fwfwajnb3ljz6zwlx7yzjdpnxnch5uw3iqn6ca
trac.i2p2.i2p,i43xzkihpdq34f2jlmtgiyyay5quafg5rebog7tk7xil2c6kbyoa
tracker-fr.i2p,qfrvqrfoqkistgzo2oxpfduz4ktkhtqopleozs3emblmm36fepea
tracker.awup.i2p,dl47cno335ltvqm6noi5zcij5hpvbj7vjkzuofu262efvu6yp6cq
tracker.fr.i2p,rzwqr7pfibq5wlcq4a7akm6ohfyhz7hchmy4wz5t55lhd7dwao5q
tracker.i2p,lsjcplya2b4hhmezz2jy5gqh6zlk3nskisjkhhwapy3jjly4ds5q
tracker.lodikon.i2p,q2a7tqlyddbyhxhtuia4bmtqpohpp266wsnrkm6cgoahdqrjo3ra
tracker.mastertracker.i2p,tiwurhqvaaguwpz2shdahqmcfze5ejre52ed2rmoadnjkkilskda
tracker.postman.i2p,jfcylf4j3gfmqogkltwy7v5m47wp4h7ffrnfsva6grfdavdn7ueq
tracker.psi.i2p,vmow3h54yljn7zvzbqepdddt5fmygijujycod2q6yznpy2rrzuwa
tracker.thebland.i2p,s5ikrdyjwbcgxmqetxb3nyheizftms7euacuub2hic7defkh3xhq
tracker.welterde.i2p,cfmqlafjfmgkzbt4r3jsfyhgsr5abgxryl6fnz3d3y5a365di5aa
tracker2.postman.i2p,ahsplxkbhemefwvvml7qovzl5a2b5xo5i7lyai7ntdunvcyfdtna
traditio.i2p,wkpjjloylf6jopu2itgpktr45t2xvpjijxilxd5tq4i7wkqgwhhq
transrants.i2p,kyhfice4vw3jn7k6tgbipxgdd3ifmulwcwfm5pwqu7nsuahc3c6a
treason.i2p,cuwirmyojwrer65et3cphhqpr6hdh3juyyar4b6mlshrfewuzs3a
trevorreznik.i2p,wc2z6o5fxm2saqzpfcawr63lejwccvzkysmgtfudkrigqopzfdma
true.i2p,pdilhl5vmefyzrrnmak5bnmxqxk2pmw7rpy4f7wbaeppqu2vvugq
trwcln.i2p,evml6jiiujhulsgxkdu3wcmkwbokxlv4is6w5qj46tp3ajz3hqzq
ts.i2p,nebcjgfx3f7q4wzihqmguwcdeopaf7f6wyk2dojw4bcuku472zxq
ttc.i2p,wb4tsfyvfv4idgrultsq6o7inza4fxkc7dijsfpncbx7zko4cdlq
ttp.i2p,uuczclxejmetohwf2vqewovx3qcumdfh5zecjb3xkcdmk6e5j72a
tutorials.i2p,zy37tq6ynucp3ufoyeegswqjaeofmj57cpm5ecd7nbanh2h6f2ja
ugha.i2p,z3f3owc72awbywk4p6qb5l2mxgitvs6ejztggbpn2a3ddmymfjda
uk.i2p,vydbychnep3mzkzhg43ptewp242issy47whamfbxodc4ma6wc63a
ukraine.i2p,msk6mls32w6nh65r7ke5bjozf2r3z563ti7iwewts72jtkxhq4oq
underground.i2p,dlnuthb6tpw3kchlb7xoztyspy4ehlggjhl44l64vbcrulrfeica
underscore.i2p,3gmezyig6gvsjbpkq2kihoskpuqpkfrajmhhm7hpyrjuvtasgepa
up.i2p,25it5olgdo7pht25z6buzd32sw7jvc65oziqeuocfozfhgua655q
update.dg.i2p,iqj6ysfh3wl26m4buvyna73yhduifv523l7bwuexxak4mgldexja
update.killyourtv.i2p,gqdfg25jlqtm35qnmt4b7r53d6u2vep4ob23fwd42iyy4j6cvdqq
update.postman.i2p,u5rbu6yohfafplp6lgbbmmcuip34s7g3zqdd63cp27dl3nbd7gtq
useful.i2p,h7jovk5wflhcpvulddundjbeqrwencbd5klplfutfnvwmgeykfaa
utansans.i2p,u2oyre7ygqv4qs5xjjijfg3x7ddwtod6nqwgbomuuzljzvnq4rda
v2mail.i2p,4gg7fykcqe7oaqt4w5fmlarnia7vtmwkv3h45zzgoj6o6crryg5a
vadino.i2p,aalttzlt3z25ktokesceweabm5yyhhvml2z3rfotndgpfyh6myra
verge.i2p,wjpt2blspvkqzp6hcpv4u73j6ni4mxhbgh26i4qdhgi4w3xzq57q
virus.i2p,zgd4u2vci4urne2bcvkqwk6wrutamfqggaj6nby2skn6k43mzp7a
visibility.i2p,pwgma3snbsgkddxgb54mrxxkt3l4jzchrtp52vxmw7rbkjygylxq
vivalarevolucion.i2p,p3cvte4ggxzdomm5habok2ib3joowdqlphzx3y6tixylocqr4lzq
volatile.i2p,q6rve733tvhgyys57jfw4fymqf3xsnza6dqailcdjcq7w4fa5m3a
wahoo.i2p,vqe5vkpe5wbda7lwekcd2jaj44ar3rawgv54u5rcolezbg5f5vwa
wait.i2p,slcobyp6eorbpef4qx7vb256du5p3uxdynisl6fhlrkyqv7d57fq
walker.i2p,mv4vrczqpiq27qzzfdepefxhfkl7p45ep5nm4wvbh4i6cb5xhr4a
wallsgetbombed.i2p,tzhea5d65fllm4263wztghgw4ijdgibsca5xsecp6lk4xlsbdeuq
wanderer.i2p,zhzpf7bugq3rspkjw46yjqhufqrontrdudq4fas5i47zttrn6xwa
wiht.i2p,yojmpj3sh76g3i6ogzgsf7eouipdgdij5o2blcpdgmu5oyjk5xca
wiki.fr.i2p,lrqa7hw52uxjb5q3pedmjs6hzos5zrod4y6a4e25hu7vcjhohvxq
wiki.meeh.i2p,df47gapq2gftoy25cqoldvgp5v7c4aaz5x3exee6jdulun3tim3q
wintermute.i2p,4gvlfrdy2rkmem33c342tjntpvqik65wekcvm4275qbkuwotoila
wizwhite.i2p,odzp77icxjf3xw662h43vjhzozyk3ug6qnjjprqcehrlz5zrvpsq
wlrs.i2p,43j5ziu3w5bhlwaay53e5fbst36kjr44uerd7p4lh2mqsvvw5cba
wspucktracker.i2p,ubd2txda3kllumx7ftg4unzgqy536cn6dd2ax6mlhodczfas7rgq
www.aum.i2p,3xolizygkzkqrldncjqsb734szznw2u36lliceuacqnbs2n65aeq
www.baffled.i2p,lqrsfslwu4xnubkk2hofhmuvvr4dia2zevxefinbzdsjurvehtqq
www.fr.i2p,rmkgvlfwo3vkb3xrr6epoypxasdzzuilv3sckcqbo6c4os5jo2ea
www.i2p,ojxyenivrrqvycgbxbm3phgisu5abspzq4g2us4fjlwz4tx222va
www.i2p2.i2p,rjxwbsw4zjhv4zsplma6jmf5nr24e4ymvvbycd3swgiinbvg7oga
www.imule.i2p,657xcllunctawyjtar5kgh3wpt6z4l7ba6mmam5rf7hev5w2lsvq
www.janonymous.i2p,vosqx5qw22hwrzcgsm4ib7hymf5ryovsbtaexqrzmnzshy5bhakq
www.mail.i2p,nctas6ioo7aaekfstv3o45yh6ywzwa3vznrdae52ouupzke5pyba
www.mud.i2p,rsp476ktqgewy6fadpotcxr7jf6shlu4zkbf5f2hvtvt3ye3hcxa
www.nntp.i2p,kly3o7zmetuwyz7xonnhttw4lj2244pkbibjz26uflyfte3b3dka
www.postman.i2p,rb3srw2gaooyw63q62cp4udrxxa6molr2irbkgrloveylpkkblhq
www.syndie.i2p,vojgy5ep4wffmtpjmpnbpa4gq64bgn4yicuw6qmhbm6nqa2ysrva
www1.squid.i2p,vbh3bltd2duwbukafgj6f6vfi6aigwso7snucp5zohnf66a2hkpa
wwwasw.i2p,5i52aunacpixsenexdu4gk2tjc5fa7eurxedvx2osekwsxyt5hwq
xakaton.i2p,ehue6yjbhiei7ihwas4aqyxeqcvj2ykgkv5wda7kia533dpgyv6a
xico.i2p,x7nppmjae37nh3n6l5btnrg3e655thnidbse2ts3tgarpuktyzwq
xilog.i2p,eoc5i5q52hutnmsmq56edvooulutaxfikddgdz27otmgtsxmiloq
xl33tvill3.i2p,5u74czg4t3x7l6ttvn7cmuhpo3xlq4k2mlssedx5lxdehadoiriq
xmpp.hashshop.i2p,kidikkdex4yesfmh6cymtoycgxukftqu5kbtsi67lw3nqocndpra
xmpp.helpu.i2p,j6utejalk3mglymq3zaurbuxgpmiuoupr6px3lszy4mbreio7tfq
xmpp.shades.i2p,csvynxul3xgddeoknc3ndqfkdymnmx6zwv2vqwwbgczu7l5ij62a
xolotl.i2p,rwr6rrlmrotxfkxt22mah42cycliy2g5k7hgxyxkpcyyxkd2bgwq
xotc.i2p,gqgvzum3xdgtaahkjfw3layb33vjrucmw5btyhrppm463cz3c5oq
xpx.i2p,oeesnqdgzp33rb4j5t3r2cik6yh4v4nantv2mfrh4cjk6zbxe6yq
yankie.i2p,2xezu6yhbzo46fd574lm7eeqwmja4vygu2pehft5ldiznbrk74wa
yfambt.i2p,fh5w6sui6soh3upen75dkhs4ktgs4tat4yedhfrqm7gw244s25ja
yfcbl.i2p,gq2k6uklykeoxhfkz7opvhe3zahu6jho42kvyhnpcywqzbzaecma
yfus.i2p,ihpvzf4llwqmc2wfdsu2dxtxwvlhiqcu7vxhcvfujyq65fxjyv5a
yo7vdz5evrktdl7a.i2p,xahfwygq6ozmhdxjsxqhv5vrh6o7lgw6dglklg6mnozc2dwivh2q
yobyrf.i2p,suomfhdrqoedznx3dsc2vxve34bqm6j4broc4e5prgeysx4vu43q
zankyou.i2p,hfzprhla6lcy5xajwk4rr6v7yo6ykcuw2v2zfvdri7o7egie3ckq
zazil.i2p,izvmzwxuy3geaq6dekhlvu3bo4aasavj24ekfnaqlhjsdwi7rvpa
zerlina.i2p,lf4bjjww2gnon3qdk327yu55tgxu5c3wgi7q42irhq7pajhfnkaq
zerobin.i2p,3564erslxzaoucqasxsjerk4jz2xril7j2cbzd4p7flpb4ut67hq
zerolag.i2p,d5om6pvuzfb7czbkxrd7gv22ejw5fzoa4wcwxzrpehg464w4p7fq
znc.str4d.i2p,ufkajv3stxpxlwgwwb2ae6oixdjircnbwog77qxpxv7nt67rpcxq
zzz.i2p,ukeu3k5oycgaauneqgtnvselmt4yemvoilkln7jpvamvfx7dnkdq
