0pl.i2p,gd7qe2pu2jwqabz4zcf3wwablrzym7p6qswczoapkm5oa5ouuaua
102chan-memorial.i2p,t6uwxydnfd7mo2knxklmnrudxafe4mw5ojiqikj7xfrc4ynltz3q
102chan.i2p,xxu3lso4h2rh6wmrxiou3ax7r7la7x6dhoepnku3jvrlwp35pefq
2ch.i2p,suzp44odgixf5lthy5ngy6ktabus5gz47squie2shudi6kmlwuaq
333.i2p,ctvfe2fimcsdfxmzmd42brnbf7ceenwrbroyjx3wzah5eudjyyza
aaa.i2p,zzhy7rumzzgxzodvgu4xz324nekbbccphegweukj4cm6nrbpg4oa
abdlandrubbernetwork.i2p,asnpognglrcx34l5vywatfkoaashziedfylun4w6cf5wue5gujca
acetone.i2p,tzwfy3dnqtm4wuofmcp3gcb5qjcytri635ei7kw7yrl6n3ul5n2a
agoradesk.i2p,ztqnvu7c35jyoqmfjyymqggjpyky6z3tlgewk2qgbgcmcyl4ecta
albatcats.i2p,ilgg7nbtofvgzrpl6kenxugfdsgi3apu6sgilmqi5rhpolnauyga
anek.i2p,iprnd5ceoj3sovmhoigwammwi7zuklrqwzfzrhvhjppspfxepvpa
animal.i2p,5iedafy32swqq4t2wcmjb4fvg3onscng7ct7wb237jkvrclaftla
anongw.i2p,owrnciwubb3f3dctvlmnaknb6tjdxtlzvv7klocb45mmhievdjhq
anonroms.i2p,w2sgx2i5n4uxtqjgekckxnhhpymigpn5lmgdaujyzib6sxq7j4cq
anonyradio.i2p,cbobsax3rhoyjbk7ii2nd2fnl5bxh3x7bbearokyxgvmudn7o5bq
apt.idk.i2p,s7qemnncvmy5zs3khd6qzlcnsvtu6drnkeae4r3yyc7akuzuqiia
archaicbinarybbs.i2p,t7o2tw36cffedgfr6kahewpkrntofnliuapji2e4rucl3os55epa
archiv.tutorials.i2p,lldr2miowq6353fxy44pnxfk37d6yn2f6kaivzecbmvvnnf5exyq
archlinux.i2p,5ms4k3cn5dx53b46hqgwogigsjhtinuf4g6fdr6pplkldi5vjcxa
ardor-wallet.i2p,tm23k5ny3umhf6vf3kghnnwacli5zywq5wrr3xcqowbcofuyr4gq
bandura-yacy.i2p,e4t4yer7o6dbttk4xmpsfd56vhuse5upksgjqejnrvrdz35ia2qq
bandura.i2p,n6eqyu6glmtgt544ys43ggrozhpiw7biyrelrvmkmg7llfcjwm4a
bbs.i2p,7ubwrcixdcemzqwqzh2vaakjsnochj2biuzpo6dc2n4f7wqj4pua
bible4u.i2p,xs6lr2g5jiaajtb3nkno2zmy34eipitrggooxb7wtey7uko7bqmq
black.i2p,sjwueu62qpe6dtv5b322k3f23fl4uz3w6qe6wcrwauiwpnymypfq
boerse.i2p,7633w56hd53sesr6b532r5qlbdnvyl5bnvama6ign6xryaxol4rq
bofh.i2p,auvuinzogu6gc4pwsgbjijuszxgcjygciu2wy53pfz7mo5nfpc5a
boran.i2p,boranyzcefxqw2ktndemy3npt4zhetpp6edldtlym2ap7n5azt5a
bote.i2p,bhjhc3lsdqzoyhxwzyrd63kvyg4br6n2337d74blyintae66mr2a
boxs.i2p,owm3fy2t5vwbxowk5gsshihkwjfknqq7y4ylbeyhvzta7r3ybrpq
brain.i2p,wbmkweyyedl5dp74hfyo2iot6y7oq5yzbe6hbscdszyi5dci2dka
braindead.i2p,braindsku6jnpmnaats2cu2qzax4pga6dwhx436kxanpxgx2pcyq
bunkerirc.i2p,mdt7h4zsbwafsikg3r4iiqh5wriaisznjj5d3f3lyeahipudsxoq
ca.i2pd.i2p,u5safmawcxj5vlrdtqrsqbsndkr5cfenpicgg5euu4xqm73yicba
cake.i2p,hpdbe6o6qqqqvgygbcznssat46kybsm7rcauofqaoly4ajdi2jeq
cathugger.i2p,vq43xjjcnejqpzfprws5qzrea2siieshu4tglpdepql2w3w3bpba
cbs.i2p,u3lp7wazvq6opodzwjg5sc5w5kwxehmxd4wcdpt4s4j2k4dx4apq
chudo.i2p,iaublzhzc4ssa3rcrjbdigautm66mslt6g2sninugagiarl4at3q
ci.idk.i2p,antkos5hjxraxduyewoo4qwwr6vyceiggd562nctvmtpnfjsuqlq
cloaca.i2p,j462o64zr34ws6shsmpkwftbwrabtdo3u4yv3dfsrshkshwvcxtq
closedshop.i2p,6fg67mbw2okopzyonsck4bsy3cy7l2fame56uiysr2cezhjhzdbq
co.i2p,3mvo5eifcwplcsoubtvqkzdahwo2sdhfygfdde7lj2glybk4q22q
cobalt.idk.i2p,m63cbwomq4e4q6df3n6idnuveqa4yastxnls6kacseuutrp5um4q
coldhell.i2p,z2kerfik5dzqd2kj74cuhhtptkrizsblc5nm6ke2gcnj5mnwgwja
community.i2p,64luakopnvffchxnibn3d2p7uqxixtyuallfqfgifkkcmfcrczxa
costeira.i2p,abhty5xlmnyab2kqdxcd56352kcescxoux3p6dbqdrghggyygnxa
cs.i2p,kzaeunogz6s75ptgy6ifjzwwy75xdfenenswvrczd7mewxgrad5a
darkrealm.i2p,gbh4eerxdsph7etxsxznfhvmuiz54trlkenakqep343u4xcoekzq
dashninja.i2p,dzjzoefy7fx57h5xkdknikvfv3ckbxu2bx5wryn6taud343g2jma
dcherukhin.i2p,qa4boq364ndjdgow4kadycr5vvch7hofzblcqangh3nobzvyew7a
dead.i2p,7ko27dxvicr2sezvykkrfiktlghx5y5onup3f2bas5ipocy6ibvq
deavmi.i2p,t4cvvenniup6dcdlu2ehdycos5r3luccfemwd6hhvyqv5zd6obgq
deepwebradio.i2p,2nait2gdeozkgf6gyhzjfij6mwldwkxxwcvtxobb4b5q5cvtm5la
def2.i2p,cepsrw27kdegwo7ihzouwvgcvw2obswwjs23ollgj7hk2yrce3da
def3.i2p,xbf3ots2purqun7orn72ypkpjmrzbfrkj3u654zfe77hbrbow6la
def4.i2p,yyzdq4fwwmnlojp23drfpfqujln2vcjozjrfzfeuriuqzdq7g4mq
det.i2p,y6d4fs3rpqrctuv77ltfajf5m4tl4kzcu7rtwhxgiohylfxxow4q
diasporg.i2p,edvccoobtjukjgw2os5eetywanbb2mpag5aknkrpia5qx2koksua
diffyq.i2p,hkjvyuc3asswxa7uxyalrnpqab4lyvzriu2rsq6jbjc2kaoabghq
digcitlab.i2p,gijabxlt4ox2mblh2nfxnds6u4mlsdeoonizknbdksl7klmbpvoq
diva.i2p,auoqibfnyujhcht4v3nzahpqztwlyomesfywltuls5bqqi3nd3ka
dlms.i2p,krsbxsaw3lnb6ctdpydygm2gqobjcpm4pf367ddo5hylbscnynmq
dns.chudo.i2p,zzfmtnnmacop3xvpznc4c2jfvk226wpep2gaoanja3gfzf3ih7xq
dosje.i2p,ir2ky5ejx4f646l4fsnug22gj4frn6jzlg7fgboudf2n5b4gdj3q
dreadpiratessociety.i2p,fbdd4syj2v52x5zord67av2xclmjsg6bc6xdvrqmvqkyd3whij6q
dropbox.i2p,omax2s5n4mzvymidpuxp2yqknf23asvu54uon6cxl6gdrlblnuiq
e8.i2p,5spb6cl4ffallahbaj2yadag2zgyuciouhz2rdcnyjcf5phqcu4a
easygpg2.i2p,bwxry5alzx5ihgrd3glah4eotddblzhalvpheppnw4zcajzqoora
ebooks.i2p,bvpy6xf6ivyws6mshhqmdmr36pruh2hvoceznzeag52mpu647nzq
echo.idk.i2p,63sgpiu6f33arldcxkbjsn3jgf6asyx3onjmz6j6gsk7hgbiehkq
eddysblog.i2p,ieac3ub4g5sy3wuhsbqfembnpp7f3a37xgcx537ytzsmgfzexnbq
es.hiddenanswers.i2p,cw7ge5ey4ekp5iep2kaw6j54boebtqytpcbnvio2bfpccd5ejzfa
fa.i2p,6n6p3aj6xqhevfojj36dixwbl4reopkhymxmatz7ai5sroh75rka
false.i2p,77mpz4z6s4eenjexleclqb36uxvqjtztqikjfqa4sovojh6gwwha
fantasy-worlds.i2p,62a4xcyyhvfrcq2bkckb7ia37fmrssrgx467tlkxp32fjpq577wq
fido.r4sas.i2p,i522xmu63hfbaw2k54cthffcoqmeao6urjyq3jg4hddf6wf57p3q
flibs.i2p,ocdm33e3h5tdml3yyholj4objdwsrhlugfqjnqgdkslmgdzb6b3a
flibusta.i2p,zmw2cyw2vj7f6obx3msmdvdepdhnw2ctc4okza2zjxlukkdfckhq
forum.idk.i2p,bg7kaiqjcqqeuuwb5nyo3ptcp5dgza7mihtizwqtnz2itombg6da
forum.rus.i2p,zd37rfivydhkiyvau27qxwzmerlzbqtthsa5ohtcww62zrygjaga
freefallheavens.i2p,7etudb75nhe6vxslitptjlwrnbybdshvzxnweuiepsxbbkkxy5ka
freenet-inproxy.bandura.i2p,rblg2sajac7winv4mgvnkfh2fa3nt2zxfvxfiybj76okpwdrt45a
freifunkmobi.bandura.i2p,5shuxvx52e3qszylwn4w7qst4siap3latyap3ff7nfnpjgllkcea
fresh.i2p,jii6utg6ubwxgls6jegu24ifrroo4qzbcizjfft2bemodp4k2i6a
fs.i2p,ah4r4vzunzfa67atljlbrdgtg3zak5esh7ablpm6xno6fhqij35q
fsb.i2p,2jefiqburn5hu3su3dlg65xj32iuteqgz5bfpc5j57qbmkph7lya
fskn.i2p,nx2uzyxx7424cwj6vmrekjka4hplvyq53oljkzqbkiuzghmi2ayq
fsoc.i2p,vaqc4jm2trq7lx2kkglve7rkzxhhaptcwwl32uicx4ehf5k3hx6q
fuka.i2p,e3aanmaobvwopjrmrnuqvrkr36gyubrv6f2lyygh5brku3ufwrsa
fxruby.i2p,lqhdnr2pvp2igu5e2cxichboqzcgypvrbooynzgkmoze3xae6qkq
gandc.i2p,m6zwig36wxbbhat5fxh5vzqo2uvq2vwl4q7kxc2f2w6wtzvzesoa
gedanken.i2p,kw6isjbs66uf7576fbb3aniokxtrpqmbegf4tf3xskg2bmrjci7a
ginnegappen.i2p,kbhfkzx5jeqhfgss4xixnf4cb3jpuo432l3hxc32feelcmnr3yja
git.idk.i2p,7qeve4v2chmjdqlwpa3vl7aojf3nodbku7vepnjwrsxljzqipz6a
git.qorg11.i2p,jf2mrxlbqsct67fces34x6kwbbnmlx6o7gd6g4knqk36soa6efqq
git.repo.i2p,vsd2vtgtuua2vwqsal2mpmxm2b2cpn3qzmqjoeumrrw2p4aot7uq
git.volatile.i2p,gwqdodo2stgwgwusekxpkh3hbtph5jjc3kovmov2e2fbfdxg3woq
gitssh.idk.i2p,g6u4vqiuy6bdc3dbu6a7gmi3ip45sqwgtbgrr6uupqaaqfyztrka
gopher.anonroms.i2p,wqfhyrnpknap3ushsck3ih3r7inz6uoqlr3u3ktwvejur3bejqha
gostcoin.i2p,4gzcllfxktrqzv3uys5k4vgkzbth4gqednwhfpt755yivm3davuq
gusion.i2p,4qyfdhizjixe2psu7wcvqufix5wlijocehpb2futurcmlhlktrta
h0p3.i2p,k5fppzxc3bwoz2mjc7q37jojbrxo6vtprac3dzrk4wapv7irr4iq
h13.i2p,tozb4vssixoccyqtgnpaatkg2ql52kkjwnsdo3dltezges2na4bq
hagen.i2p,e2t6rqd2ysbvs53t5nnaf7drllkgk6kfriq3lfuz6mip6xfg644q
halifa.i2p,fpo5fq4kqulfxhb6odg25jskezvucbx4wlwzg6ngqsxhrzvmxtwa
heaven.i2p,y6ejpmln3j2jvf4omb4ptyo2idognputhrccph74yn6eghkpxyhq
heligoland.i2p,gzrjm62ektpqjfsem3r3kwvg6zpjvvhvpjvwfxkm2ay4zu7sp6oq
hgit.i2p,ny4ev7me2y2ibfi37mykakwvf2jhnl7lfql4etaiykjiwtd735pa
hiddenanswers.i2p,kj2kbzt27naifij4ki6bklsa2qfewxnkzbkgvximr4ecm7y4ojdq
hiddenbooru.i2p,zma5du344hy2ip5xcu6xmt4c7dgibnlv5jm4c2fre5nxv44sln3q
hiddenchan.i2p,6y4tltjdgqwfdcz6tqwc7dxhhuradop2vejatisu64nwjzh5tuwa
hisdarkmaterials.i2p,qcf3vxllflqfsbvxjlypfxsx36g5srknxnhpyz3ph5bcxdjawraq
homosexualchan.i2p,suzp44odgixf5lthy5ngy6ktabus5gz47squie2shudi6kmlwuaq
horo.i2p,vrxh2vbqsfvh2utnt3ighimu4vrgla2mfpwksipkjsguv5vewhdq
hotline.i2p,6cczi27iuxkm3aivazaemzltdqgh42ljzurqp43uclbz2lid2uqq
hp-net.bandura.i2p,z2ufexrgrxry37y4vs5hted35ygpleskfcs2enanl53hmlpzlqhq
hq.postman.i2p,7ewjvbcwgah57n64cwbsxqai7eutqofkesuxfsuhfheijivdjqra
http-false.telegram.i2p,77mpz4z6s4eenjexleclqb36uxvqjtztqikjfqa4sovojh6gwwha
i2p-mirror.bandura.i2p,aq7r54ebou47b533y5seiod7dc3aeycucevl2pqvphnjhjwblr6q
i2p-projekt.i2p,udhdrtrcetjm5sxzskjyr5ztpeszydbh4dpl3pl4utgqqw2v4jna
i2pd.i2p,4bpcp4fmvyr46vb4kqjvtxlst6puz4r3dld24umooiy5mesxzspa
i2pdocs.str4d.i2p,yfvbtrhjac3jutdsqzugog6mbz3jtyhpwovrt2mqc5mzv534y7cq
i2peek-a-boo.i2p,qgv64klyy4tgk4ranaznet5sjgi7ccsrawtjx3j5tvekvvfl67aa
i2pforum.i2p,tmipbl5d7ctnz3cib4yd2yivlrssrtpmuuzyqdpqkelzmnqllhda
i2pjump.i2p,2mwcgdjvfvd3xwumzqzqntual3l57h3zo7lwdmkjboeraudpkyka
i2pmetrics.i2p,v65p4czypwxrn35zlrfkar2w77vr42acd7gbszegsrqq4u7sip5a
i2pnews.i2p,tc73n4kivdroccekirco7rhgxdg5f3cjvbaapabupeyzrqwv5guq
i2podisy.i2p,3c2jzypzjpxuq2ncr3wn3swn5d4isxlulqgccb6oq5f6zylcrvcq
i2pseed.bandura.i2p,2bpbnalf76ktxzhfekkwcklmo45xzedi5em5bdoyedrhw5bhvtia
i2psurvey.i2p,pemwrlamhiiv74ok4kwoo4eqwzzjshp4q7ir3nlh4jfnt4zjncia
i2pwiki.bandura.i2p,isbf7tzeyrutnd5rvmjpqaohe7cz6onqgci2wvbuyfwc62w74r3q
i2pyacy.bandura.i2p,owy6s5xlkf4zsrwwpemvoru6x6qmrye2pe3v4v3dncvcrzix3fiq
i2speed.i2p,532c5r6ra6rcf2mvfgtlcxbn3lpplybwxul4xsg3ps64dlx73fga
identiguy.i2p,3mzmrus2oron5fxptw7hw2puho3bnqmw2hqy7nw64dsrrjwdilva
idk.i2p,b2o47zwxqjbn7jj37yqkmvbmci7kqubwgxu3umqid7cexmc7xudq
ilcosmista.i2p,6u2rfuq3cyeb7ytjzjxgbfa73ipzpzen5wx3tihyast2f2oeo24q
ilita.i2p,isxls447iuumsb35pq5r3di6xrxr2igugvshqwhi5hj5gvhwvqba
in.i2p,r5vbv2akbp6txy5amkftia757klgdy44s6cglqhmstpg65xycyjq
infiniteszimaliumsztarzsdeeploopzsplungedigraverepeatplungeei.i2p,lii5rejifs32fdoevdexodeqfvz3xenlyiyonwqdifseptls2wra
infirium.i2p,4iovxkkupux5nnl3cnsdhpqzpjg3jmqatdmogpuu637gxdybjqhq
infoserver.i2p,jd3agbakybnhfvkeoxrx7t33iln6suzomv3kxkxf77j7rkonch6q
inr.i2p,joajgazyztfssty4w2on5oaqksz6tqoxbduy553y34mf4byv6gpq
instantexchange.i2p,5wiyndm44bysev22kxvczxt37p6o6qroiqykytrvn2yzi55aqfxq
ioannism.i2p,g2246vc2tq64rmomwe47v3jnbpz3b3ec2wrrhadukj7lxmwd5aoa
irc.acetone.i2p,qyzbrdw26ejjdjzsrcmq5h3ggdzk6cq5xynrgee5t5q73gq545yq
irc.coldhell.i2p,d4b3dcqt32yq55b6ct6f4rsib5svzgwkfz4klfczuz7e4p2v6rkq
irc.echelon.i2p,ez2czsvej5p3z5bquue5q3thujcodfze7ptybctqhnqc7hms5uzq
irc.ilita.i2p,5xeoyfvtddmo5k3kxzv7b3d5risil6333ntqrr3yvx3yubz5tk3a
irc.kitsune.i2p,cpesprosbsuycn4ui3neidqdtqz5ufekthob7cobl3p7bcuaoh3q
irc.postman.i2p,hhcy7zznltay2tzwdvtd37g2inptemz3hk5zmxyi57d3sxgxbseq
irc.r4sas.i2p,hodhusp73gltozgrnianlbploon3rrvhrzfn5mf2g46o7aaau5la
irc.rpi.i2p,ppqu4shst5hfjn6jgxyragcanyxurhmof7jdrxag5srpeobevh5q
isitup.i2p,xk6ypey2az23vtdkitjxvanlshztmjs2ekd6sp77m4obszf6ocfq
isotoxin.i2p,wue3ycaccf4texikza3fh6p5yrmtgnooisuypnepo5mo67lmpcqq
ivorytower.i2p,fpwrfvidfexsz7dspofkwtkmmizm7lyralfz5kvykffk7gubvxsq
javascript.i2p,idxpwvskkaq3pssrnqpxmiilgeqwf7d2hf5xpusossqz6r2nudva
jikx.i2p,aazr55itvyns4lwppvx5njyx5tjdwemw4w6jbmpegdunznod2ieq
k1773r.i2p,zam7u6vslhemddz347uusuzjdk5wma4h5hcmcqlng4ybbpdbjhnq
kallist.i2p,rpoqwcozn4pdxz7bp2vxsl7vfibpbccsymfuxg3c7v7yj3um4bta
kelvinchan.i2p,6s72dyf6jwlvk2u455lksvcs5r7deafc3iniwo5kp4ssm777noma
kenguru.i2p,u44uhokgilvmnfsg5hgwx5nddb2mw2b7dp6qz2rnhrr344ebotea
keys.dlms.i2p,znl2swe5pez65qxrr2s2s4lmdfky6mnppvh3p5j6suuiovymhjtq
keys.echelon.i2p,mwfpkdmjur5ytq4og36ym3ychinv36b2a57f4rmgqmtrwepq3fva
kibykarni.i2p,xowcvzbeq72slpbrwmjl3zy6xkrkb2ncctpkkskeqts63vedtg7a
kill-9.i2p,3i3bbs2zfabyleqxcqueeegakutrtk3hbxmvbtkrgwvetlmity4q
kislitsa.i2p,khceo3smaxtng2tnuicmcbhdnkk2j6myi4nkigcux76qh3aabdhq
kkk.i2p,kukluxklanib666d73z5fyeyb6vnystmvvreaodhjf73rhl4wxva
knijka.i2p,knjkodsakcxihwk5w5new76hibywia5zqcgoqgjttzsausnd22oa
kurator.i2p,sp3umnyofy5ytixbqcue4jrpxixccgnrxtiuvhg6juep5s5lrs6q
kycklingar.i2p,gctswdhp4447yibxfbqg3uq2bvx63qjeqnaoaux75zw73leakyva
lbt.i2p,5uhjsgyca6ggdvwjjwf67bcmalpbxitopupjpygtahxvkwlh5mzq
legalloli.i2p,clxah7lssffdubl3iklopl5bkxewmmbi5zlerw7ryuxawo2dqx2q
legwork.i2p,cuss2sgthm5wfipnnztrjdvtaczb22hnmr2ohnaqqqz3jf6ubf3a
li.i2p,jwzmbp5djo5t4mkbchhejq5mrx2yye7tkbwry22scihwy5s4hcba
linuxfarm.i2p,br3njhezhzx7mcv25nrxkrwu5g553xp4oyavsjhfa7jwmzyp3q5q
linuxmario.i2p,byo4esnp3p7imsmsn6j5syfhykt53zoh5ko66nodgdwp4427fqwa
lm.i2p,yeyar743vuwmm6fpgf3x6bzmj7fxb5uxhuoxx4ea76wqssdi4f3q
lodikon.i2p,u3f67staiwhqxpacya3clmvurdwd2kp7qcthzhstqnhrmlwc2g4a
lolicatgirls.i2p,pjhlh4h7zn3slglx46ffob5ifcccrcqr5dzbyyueh3wd6a6bizra
longseason.i2p,ighnngssgd6p4kyrec6m556rasvbtx5xe7bsyxol4lie2dibi4da
losinka.i2p,r2z2tcs6eguevoxlkrmpkcanuwgnsit2o45svnwaer3wq4v76hrq
lyoko.i2p,afuuortfaqejkesne272krqvmafn65mhls6nvcwv3t7l2ic2p4kq
man.i2p,progskxxt44tlefm5uc4jqseanlhgbbkjyz4g3nvjjzbvhhp342q
marenostrum.i2p,tlrae2xdtewfb262daw6ygm5nz5vusc7rbiefpndubjk4jvh5roq
masterdestroyer.i2p,yp2g7frk3ze5ljaxbmhmh6hhda3rmpwmpianozi6or2uzqzdur7q
mastodon.chudo.i2p,bba3rhijp3btiinfeixrk2jzz5rilnxxrxvjjx5os23ro4n6g4cq
mattermost.i2p,x5oovnhnuli5fnwtgkbd5z5jvrvdvprqyuofywx6uoxkk4bie6ya
mayvaneday.i2p,zli2qsg54w7y42vgw4xxlnj4nktcpg7xp33yjxkp33sjafvznbwa
mdleom.i2p,ggucqf2jmtfxcw7us5sts3x7u2qljseocfzlhzebfpihkyvhcqfa
metavertex2.i2p,4k6h5tsysycyaefvrh7maltvincdx6ugj4t2a37zzyzm4wf4g4dq
metrics.i2p,z45ieamhex2ihqv7oowk5fz4qq47rbvxhhhbaaiinpajbhuevtpq
mhatta.i2p,o4rsxdeepfrnncsnjq675xogp5v5qkbfgbt6ooqeyfvlifobrjxq
mk16de.bandura.i2p,rrllz7nkoeaydqzc5tqdexbfpkvensi26nqg3ly3cxrm5qt6m5sq
moneroauth.i2p,kt6uh4z24tendrol5zbm4wv4apq4nbv4w7k5vcguvbpg3alrqyxa
monerujo.i2p,puri6y5dtwh6zr4u77ep6ozatun6iz7v4wai2dzxppz7654corlq
mooks.i2p,6txhjmnxnrjku4cmdwtyacjzhwythc7l5euqaxieyrc4vjotqwzq
mosfet.i2p,s5ynkgagndmpxpf2kmnenv4x72io664gzd2x3qef54ilammnte3q
mtn.i2p-projekt.i2p,f52x5fp6uhq53f5zle5d6rq5un34xgmxgazvilvmzcby37xcmsfa
mtproxy.ilita.i2p,vxxfipsygx6jpz57pmb3d3mjgsk5ls2idxeo2bffs3yp62muyq7q
mucats.i2p,4vjquedemoznbsva4j6wnr7hyms5k3gwucmxgcnwcwweontbcrha
mumble.acetone.i2p,plpu63ftpi5wdr42ew7thndoyaclrjqmcmngu2az4tahfqtfjoxa
muwire.i2p,c3r6by4k4kzbx7yvq36u5rieuymshuq2pebo3dzs6oovpzn52uoa
nbtm.i2p,46iitklpnxzl7eeqweq5xq7nc3vcl2ll7wudpa4jcyyeahvfrgta
nekochan.i2p,dszr2z2swmeczeao2bqgop6fyh34jw5baeiybsavwtihllwa5qwq
neodome.i2p,5hkhjehj3ct2pvcah7dcylwef2oti3xij5myxbv3pd7rocio5vkq
neoniet.i2p,jf32pdnofckjvedni77vjt26m6opzzz6ocpkpxof4fptzym56raq
news-i2pn.i2p,wwcqkwfo5yhe6uribv5tzylk25j5hkdk6gdnyftzd3k7dawlzwca
news.neodome.i2p,trhwcnygfkeqjj6g4xhmrdp4gsjqsye47lsxshbmwbten4ywt5oq
nicksphere.i2p,nickg4tsj3wy3i23faxp5momjcnlwrvwl5ek5l7lkm5vrbblvgbq
nitter.i2p,axd6uavsstsrvstva4mzlzh4ct76rc6zdug3nxdgeitrzczhzf4q
normal.i2p,j5fex634r2altzb3kjvu35qekt2r3hgsqzg5qxoy7dp53heu5pma
notbob.i2p,nytzrhrjjfsutowojvxi7hphesskpqqr65wpistz6wa7cpajhp7a
novabbs.i2p,bicoankyijabtj2nlwzjmr4mamybr6bgc6xclpvsgzaaalzhhola
nsa.i2p,nsetvbclpomqxfcit4mghn6z7vdhnza6jdzczby4crnto32uykga
nvspc.i2p,anlncoi2fzbsadbujidqmtji7hshfw3nrkqvbgdleepbxx3d5xra
obmen.i2p,vodkv54jaetjw7q2t2iethc4cbi4gjdrmw2ovfmr43mcybt7ekxa
ol.i2p,bnb46culzbssz6aipcjkuytanflz6dtndyhmlaxn3pfiv6zqrohq
onelon.i2p,irkvgdnlc6tidoqomre4qr7q4w4qcjfyvbovatgyolk6d4uvcyha
opal.i2p,li5kue3hfaqhhvaoxiw2ollhhkw765myhwcijgock5rs4erdqdaa
opentracker.dg2.i2p,w7tpbzncbcocrqtwwm3nezhnnsw4ozadvi2hmvzdhrqzfxfum7wa
outproxy-tor.meeh.i2p,77igjr2pbg73ox5ngqy5ohzvrnur3ezqcogtl4vpuqtrcl3irsqq
outproxy.bandura.i2p,smaie7bxvpy53iiabfxkhmsjtqs7vzjcr5xxsysjbbobunwrav2q
p4bl0.i2p,lkgdfm4w6e2kkjhcdzr4ahhz26s3aunhrn6t2or436o73qh4z7ga
packages.i2p,2gbnylztt42dgpjh5r5tmy6oxm5xag6qv4femnbbqbpza4l2l6ja
password.i2p,knmjkeabbhudejkikbzhhjqsb4r77o45vkdhve6d254quttfx3wa
paste.idk.i2p,qvgktychvlbmqwnoqgz2siuna7f5w764wgkbqcwogipfjzf3ksva
paste.r4sas.i2p,csen43keji3qiw6uobsgzysxyjd225g6446ylq5uuz6ur2glkzaa
pehotin.i2p,e6tfct7qvso7qrseseubsk5hxn3wejkdivojqeed6i7hbj4dsmqa
pharos.i2p,vathk2pyvaskeie63yyg4tshjkx5xt6zfvhwhgr3de67q46ob3sa
pharoz.i2p,vathk2pyvaskeie63yyg4tshjkx5xt6zfvhwhgr3de67q46ob3sa
pirate.black.i2p,z67mwyo7o3tb42r3tjcckcx6gyh4tmnlh6sbmf2hz6qtn3lri2ta
pizdabol.i2p,5vik2232yfwyltuwzq7ht2yocla46q76ioacin2bfofgy63hz6wa
planet.i2p,pztcztaklof7s4me2vgtdddzesnunvk55zke6oz5e77ci3qk64yq
play.infirium.i2p,3pesucgkmky2unpxceuec7jopajyz44pvb2sgwyqz6x43bfovnda
podger.i2p,56pcmc4rxmtzs6ojvszpiqmh47et3m6amh7kfszp4wbvz2jbpnya
polistern.i2p,ztqi2zewgtifrg4efs6eyxxi5www27ymley3aiz4obhulbnszlva
pomoyka.i2p,omt56v4jxa4hurbwk44vqbbcwn3eavuynyc24c25cy7grucjh24q
pool.gostcoin.i2p,m4f4k3eeaj7otbc254ccj7d5hivguqgnohwelkibr4ddk43qhywa
pop.postman.i2p,i7vd76psp3oyocljiqkoyz7fpr4fy2xq2asclf7qih6k57aj5xrq
pravtor.i2p,2sr27o5x2v2pyqro7wl5nl6krrsbizwrzsky5y7pkohwh24gn6xq
privatebin.i2p,e7qy5kc7ivqtnrbdn5ymx5nmbdedlrjkdchqmmkhud4ockrime5a
privetalena.i2p,alenabivbkqo2xoikterpsc3gquqzacxfef6usbifrez5ioegjjq
project-future.i2p,ivqynpfwxzl746gxf376lxqvgktql2lqshzwnwjk2twut6xq7xta
proof-of-loss.i2p,ofhehzoj5p4khpkookxb63tmqvrmcxaapgb3v3nm7kd5wjgebs4a
psv.i2p,pmzcuml2oi2ok2h5i6cepcyxxjrughzgliai6hzspdlyt2bucy7a
psy.i2p,s3elzoj3wo6v6wqu5ehd56vevpz2vrhhjc5m6mxoazicrl43y62q
psyco.i2p,eoilbrgyaiikxzdtmk2zeoalteupjrvcu3ui23p4wvfqo25bb73q
pt.hiddenanswers.i2p,o5jlxbbnx3byzgmihqye3kysop5jgl3unsrkmurbtr2nrnl2y74a
pt.i2p,umbkgg3nhvgunyiwo2odfo3ufbdijb2ofg5eha6nyd4ymp4yitna
pubsub.i2p,kse52thhz4srsf2ibw7zj6ua27df5a2u5gnqgf5jxwvranbw6mpa
pull.git.repo.i2p,3so7htzxzz6h46qvjm3fbd735zl3lrblerlj2xxybhobublcv67q
purokishi.i2p,ia55kcrvskaitnxegirubvderl4vhva6bwkiducbkma4scy2rhca
push.git.repo.i2p,jef4g5vxnqybm4zpouum3lzbl6ti6456q57nbyj5kfyldkempm3a
pwcq.i2p,hcwrhp454aj2jen6clgkw5odw7pvtixhf5dnqsx5ax4vkbxybk7q
qis.i2p,sxfs4mmqxe4kj6yovbi54czfhhkpzxtj7mbwxjsvazgfulhq4gka
qorg11.i2p,ivusryc5mfrroomm6s5no4badevf7djzlgzlwarce33no2bsyi3q
query.i2p,qzdh2potcfrqcwl2oejkidsyggaspvi63gfggmlz2xrhjkrnazda
quest.idk.i2p,k6stkvw3jr6of4j5g3pu34jowfpl4k4jiqih3yozhcvinkok56aa
r4sas.i2p,2gafixvoztrndawkmhfxamci5lgd3urwnilxqmlo6ittu552cndq
radio.r4sas.i2p,cv72xsje5ihg6e24atitmhyk2cbml6eggi6b6fjfh2vgw62gdpla
ramble.i2p,smv3cryi3n7d5ll7xpvlhstubi5yj4dadeltyrdwdr4onwd2jvvq
ransack.i2p,mqamk4cfykdvhw5kjez2gnvse56gmnqxn7vkvvbuor4k4j2lbbnq
realsite.i2p,ffacpzudiclaqh6fkck7ungeacfoafvijduhmwvnmp6e4jridhta
rebel.i2p,nch2arl45crkyk6bklyk2hrdwjf5nztyxdtoshy6llhwqgxho5jq
reg.i2p,shx5vqsw7usdaunyzr2qmes2fq37oumybpudrd4jjj4e4vk4uusa
reg.rus.i2p,k2r2wda4eavt4hoq5hptprqfmixusirq3gi5bl3z2pqzcd6felwa
reichsmarket.i2p,2uj4xomizi75swws7q5icmnavekb2w2ws2wlcqtyltde7pgymraq
repo.i2p,uxe3lqueuuyklel23sf5h25zwgqgjwsofrqchhnptd5y6pedzbxa
repo.r4sas.i2p,ymzx5zgt6qzdg6nhxnecdgbqjd34ery6mpqolnbyo5kcwxadnodq
retrobbs.i2p,mnn77stihntxdoade3ca2vcf456w6vhhvdsfepdvq5qggikvprxq
retrobbs2.i2p,ejff7jtyaus37slkwgeqrrcmyhpj26carp7n27f5h6s5vlbeiy6q
rfocke.i2p,pphesm2icsbqi7uzsmxpgyy4kc22b3cdpb4uwplkkjmupexva7dq
ricycal.i2p,tfkz7rgqh6rwvlo2veftw4why2dej3gztiglzfqfvykyzak2syxa
rideronthestorm.i2p,xrdc2qc7quhumhglpbcuiqxr42nuffv4xj4a73jbr4ygepitibqq
rpi.i2p,56p5qxsrvo5ereibevetw2qbj5bronmos7wxunku27g2s4kpbnlq
rslight.i2p,bitag46q3465nylvzuikfwjcj7ewi4gjkjtvuxhn73f6vsxffyiq
rsync.anonroms.i2p,4q6llvjjpgncu6wbol2rqq24ksrtscu5njj65jjovqlsxounxbdq
ru.hiddenanswers.i2p,o6rmndvggfwnuvxwyq54y667fmmurgveerlzufyrhub6w3vkagva
ru.i2p,m7fqktjgtmsb3x7bvfrdx4tf7htnhytnz5qi2ujjcnph33u3hnja
rufurus.i2p,7msryymfdta3ssyz34qur6gi4jyfkvca5iyfmnceviipwu7g2wca
rus.i2p,gh6655arkncnbrzq5tmq4xpn36734d4tdza6flbw5xppye2dt6ga
rvklein.i2p,pzbqr2s25zpgbwiz22nc7hzxlusqxwhpxrsmln63y6fd45whnjcq
scamdemia.i2p,fdkiv7o4kzaikwkw6hbn7iedidp25lv6eo7yeyeqxai3jz7mrvzq
sdmr.i2p,o2vtbbcddamtqqomtf7wbkzzkh2xovt23lc6np7qtxbuv6vtul6q
secure.thetinhat.i2p,4q3qyzgz3ub5npbmt3vqqege5lg4zy62rhbgage4lpvnujwfpala
serien.i2p,3z5k3anbbk32thinvwcy4g5al7dmb75fagcm3zgh4rzrt3maphda
sftp.anonroms.i2p,uozfd7ttkhjsofmgs7lfcy4pgngs4yp7kvnbhnppebjumgbjhjla
sharefile.i2p,o7jgnp7bubzdn7mxfqmghn3lzsjtpgkbnpjjsn6ddevqbchz3rta
shoieq3.i2p,3fjk4nfk3mccch4hdreghnyijcvovsi3yucjz3qzj5sxngqk5j6q
skank.i2p,qiii4iqrj3fwv4ucaji2oykcvsob75jviycv3ghw7dhzxg2kq53q
smtp.postman.i2p,3nrunsrgeo6grhx6y6vsx7vibm5vabtockdbys3sqdmj6vha7k5q
solr.chudo.i2p,utl2ds5vztfomjgerohvxrgaq3g6zrspyku4s35knfmu4rihhgxq
spoika.i2p,u7uyxhgikc5ifj73oz6yedpy5pvtynbqo3n7rk5qyy5h5yhz4wbq
spooks.i2p,lrlrsud2latpctgwmvfwn5hanv6m7rold4vk6n6w2p43danmvgsa
sportloto.i2p,sportloto4cqlq6uhzzvgsgd7rcsfu6mqtk7wp6zmzqwcpflbsdq
spyware.i2p,36j7itgqmnbinh3ortujakkvqdrbhlqu4b2qcwb46mue3dpzxqfq
ss.i2p,7gg7xiiwjmigrijsmkpsyzl6n4pd7hqiioovdr6vsip2xsdxpsaq
stats.i2p,kqypgjpjwrphnzebod5ev3ts2vtii6e5tntrg4rnfijqc7rypldq
status.str4d.i2p,ycyyjo3psqbo45nuz243xvgvwnmzlanzqbzxv3kh6gyjztv7425q
sto-man.i2p,rg4eilfpe24ws6nctix63qw2dlvd2tqgwdcgdxzji6l5bc4dc7aa
str4d.i2p,wrrwzdgsppwl2g2bdohhajz3dh45ui6u3y7yuop5ivvfzxtwnipa
streams.darkrealm.i2p,ud3gcmvysjch4lbjr2khmhqpf7r2x5if4q43xkqdptl4k7lc4muq
svong.i2p,wlamzgxjc4k67fn2c2pdems2dzfq3hkdbbt3n7ela7p2wp3pew6a
switching.software.i2p,4ntxofeih4fopdgl3hxn7xu3xkhrbtadnshvcc2ikrggi2qar4ba
syndie-project.i2p,xa63tpfoaqt3zru2ehxjjfbpadwj4ha6qsdvtcqtyr3b7hmt4iaq
syndie.echelon.i2p,vwrl2qmcif722fdkn3ldxcgz76df5cq4qypbndzthxwgmykyewta
tabak.i2p,y5o2vwb6kart7ivpnbpk4yte3i7kf2dsx7fy3i6w7htqtxhmbzia
tahoeserve.i2p,yhs7tsjeznxdenmdho5gjmk755wtredfzipb5t272oi5otipfkoa
telegram.i2p,i6jow7hymogz2s42xq62gqgej2zdm4xtnmpc6vjcwktdxpdoupja
testmk16de.bandura.i2p,gbdgvcv6wkwctls3tdx4ljmzo4zry3awrr37rkvrxcwg7jzjoyra
textboard.i2p,7ubwrcixdcemzqwqzh2vaakjsnochj2biuzpo6dc2n4f7wqj4pua
texterochtankar.i2p,woqimbz4v2synkwyif65izfz2t4gbfbqjrai2ic5ok5qhnvmfszq
theyosh.i2p,5m7ygxhcdyfa3kx3wfjbbunk4pjey7a5zr5lnfb3upgjbhanrita
thornworld.i2p,vinz4ygmodxarocntyjlfwk2wjpvzndlf4hxss2w2t3fk52oplva
tmpsend.i2p,r2al7m32cg2ypjcny627wkoiyanrasmorub2wqla3y6gn6rwzzvq
torrents.chudo.i2p,5ooemze55xiicrlvzjmz3il23dpo4fz5iqr7hmzrygdepan5m3lq
tosios.idk.i2p,4mfy2ggcynt5xjkrdstwju2cqicayq7tg5bcb6o575wvab2div7a
trac.i2p2.i2p,i43xzkihpdq34f2jlmtgiyyay5quafg5rebog7tk7xil2c6kbyoa
tracker.chudo.i2p,swhb5i7wcjcohmus3gbt3w6du6pmvl3isdvxvepuhdxxkfbzao6q
tracker2.postman.i2p,6a4kxkg5wp33p25qqhgwl6sj4yh4xuf5b3p3qldwgclebchm3eea
traditio.i2p,wkpjjloylf6jopu2itgpktr45t2xvpjijxilxd5tq4i7wkqgwhhq
triplechan.i2p,blrplscno3ecqb5ihhg73kufmypydjlv4r4gqiajftup5wmcdwna
tube.i2p,vipzc556nzjraiqsk5xwvyhz54fvtqt3vrepdarat3zsj4a6eypq
tumbach.i2p,u6pciacxnpbsq7nwc3tgutywochfd6aysgayijr7jxzoysgxklvq
tutorials.i2p,zy37tq6ynucp3ufoyeegswqjaeofmj57cpm5ecd7nbanh2h6f2ja
tv.i2p,znccrkhtgz4wqceyofwsqdsraqhdtteqzrag53lgmp6rhkutuy6q
unodice.i2p,fukkqcornjsfn2ggd2h4cgeitu4dbin7hymp5xf6zypwzif2pcoq
volatile.i2p,q6rve733tvhgyys57jfw4fymqf3xsnza6dqailcdjcq7w4fa5m3a
w.i2p,j2xorlcb3qxubnthzqu7lt4fvxqn63it4ikwmze55yjkzeeampuq
walker.i2p,5vik2232yfwyltuwzq7ht2yocla46q76ioacin2bfofgy63hz6wa
wallet.gostcoin.i2p,reuvum7lgetglafn72chypesvto773oy53zumagrpigkckybrwda
web.telegram.i2p,re6cgwg2yrkgaixlqvt5ufajbb3w42fsldlq7k5brpvnd5gp6x5a
webcam.i2p,fhrkpj4iscrg6etgdlteseoed37q2ph7cizclgpabgcbnaq6g24a
webhosting.i2p,hxqjbkpn5fxnmurlab6oluyqf3dd2xnxszeawn4ak2s4rpjnfheq
weedforums.i2p,weedlt72zyludsl6adm5asdcalufihyzoruh6ca2klstbicj5iua
wiki.i2p-projekt.i2p,b2rpg7xtzwwfvtorfkrc3m7h222qbobnklra7g4oqhfjx64k2voa
wiki.ilita.i2p,r233yskmowqe4od4he4b37wydr5fqzvj3z77v5fdei2etp2kg34a
wlm.i2p,nigg3rveztrkpzoimq4z46pvbtml27mfhadt7n5bvl3pzzyzefxa
wopen.i2p,xvedtnzz3kpwpir23zyr3exrhkrn3267harw7gcjvp25yceyokza
www.imule.i2p,657xcllunctawyjtar5kgh3wpt6z4l7ba6mmam5rf7hev5w2lsvq
www.infoserver.i2p,fq7xhxkdcauhwn4loufcadiiy24zbei25elnup33a3gfrdzrtlyq
xeha.i2p,oartgetziabrdemxctowp7bbeggc7ktmj7tr4qgk5y5jcz4prbtq
xmpp.chudo.i2p,gppd6rx5jkutmt637odkbxh4tjqxy63i4amyhllqn424yt7pd2hq
xmpp.rpi.i2p,3yv65pfwiwfuv4ciwtx34clqps6o2mc3vtyltcbqdkcki6untbca
xmrnode.i2p,moneroti7lckp4hjrqckoq5cfi2apuyxia42sp5x7tkbzjfwqfiq
xn--80aaid2dua.i2p,dvem3jrqrymufihxnagr32q3aezgstmzcfbfp2wj7evo3ch5inta
xn--hallchen-q4a.i2p,h5c4idxoweambtqajx3ecpu4iw425mfzckb4rrcvftrr7d2utfgq
xn--i2p-5cdawgbask1ay4cjf2a9o.i2p,gar7ipdnhfy2mtbefo5dvoapzuupyphfriutu5nsnjruganiuknq
xn--n3h.i2p,6a5bfeil667ksrdgg5hx5x2dse2v6ovnsng3r2k5gp5tb4z67egq
xotc.i2p,gqgvzum3xdgtaahkjfw3layb33vjrucmw5btyhrppm463cz3c5oq
yacy.idk.i2p,7ccyylqqxnyexz2acn3nqjdlwqmd5pororbovrarar2dkw3ddrbq
yat.i2p,zxg4p6obolmrnkygoodqbdnikzychk5sild3o753hmaljuosl2fq
yggdrasil.acetone.i2p,tlfhgwzn4v5nlm2or5uy4leqmjbl5bncgcopbqnmcr4hbk3zrvqq
yiffme.i2p,sm6dk2ovxhgdjuu3rmqussc4e2xkfz6rmhng6i2t7parcb4v4y3a
yoitsu.i2p,yaaqmj55lsi5c5nukf4hsrift2zslnqkbcghwvjlaqayidtyctwa
yt2mp3.i2p,7ai77u54gxta2ry326amfq4ugiqgcxd4r663nmxtswcwezyxsbzq
zab.i2p,n4xen5sohufgjhv327ex4qra77f4tpqohlcyoa3atoboknzqazeq
zerobin.i2p,3564erslxzaoucqasxsjerk4jz2xril7j2cbzd4p7flpb4ut67hq
zeronet.i2p,fe6pk5sibhkr64veqxkfochdfptehyxrrbs3edwjs5ckjbjn4bna
zhaoku.i2p,2hq32svuc6wxgumgsyavy4osfssiaqjpdgynpvtyblin5l5urr4q
znc.str4d.i2p,ufkajv3stxpxlwgwwb2ae6oixdjircnbwog77qxpxv7nt67rpcxq
zog.i2p,7su4pwd7xicqu44rd36g2a3zjlsv2k6otommnh7ztjpyixyozq2a
zx.i2p,4ru5b25ixgz2wt2aqskbr2iflv42gt6ta6qet7rv4et5rh2kq6fq
zzz.i2p,lhbd7ojcaiofbfku7ixh47qj537g572zmhdc4oilvugzxdpdghua
