0thers.i2p,f3osaqktj55iedisoabrd7uergxbpljovbwcr6hihmxmjdc6oafa
102chan.i2p,xxu3lso4h2rh6wmrxiou3ax7r7la7x6dhoepnku3jvrlwp35pefq
1553b.i2p,2vhlowhistigqlu3vingiyv66jq43rhvn4qa75gtzpcjmcbvclta
2chan.i2p,xnmlqiwaio6bg6dtbjqb63rtoznvgeud5acxklccomv5yytefmda
333.i2p,ctvfe2fimcsdfxmzmd42brnbf7ceenwrbroyjx3wzah5eudjyyza
a-zine-repo.i2p,zt6okylza25s2ppso7ngqbz2ybeteatxezxqemvucwhbb5ajot7a
admin.open4you.i2p,hnlryqjvk52hsze2ixnz4qbuki4tf6qvygi25mf5bkllmbett2oa
admin2.open4you.i2p,d62hjvhu7yqd23m766dvs4tupxpvrsa2hzd2r5rdpm5apsmtmc6a
agora.anarplex.i2p,ydaal5nbvxmydnncny5esb3ipxupmpgkensow7yvhp6u7uioujna
alice.i2p,iq26r2ls2qlkhbn62cvgb6a4iib7m5lkoulohdua5z6uvzlovjtq
allgemeinplaetzchen.i2p,5u4buto5wfret356iqzukcf5avqkadpg3up4hngsfkd37modlo7q
amidoinitrite.i2p,onr7e32g3rgigvibygcjwytoypo2s6eusn7zdwc7nmr5fuxy45va
anarplex.i2p,4qingryacppi5ed2vk2626qipri3d7c2v6iw3vr55zy6c2uc66za
animal.i2p,5iedafy32swqq4t2wcmjb4fvg3onscng7ct7wb237jkvrclaftla
anoncoin.i2p,nmi3loretkk4zbili32t2e5wyznwoxcsgzmd2z4ll3msgndyqpfa
anongw.i2p,owrnciwubb3f3dctvlmnaknb6tjdxtlzvv7klocb45mmhievdjhq
anonimal.i2p,i35yftyyb22xhcvghmev46t5knefur5v66qzekkajatwfwhyklvq
anonyradio.i2p,cbobsax3rhoyjbk7ii2nd2fnl5bxh3x7bbearokyxgvmudn7o5bq
anotherblog.i2p,shkgse3sc3v7dlpxdt74dqsc5lxrfk3qw6tyrl2sodbq7bsd5mcq
aplus.i2p,h67lym6btfqinjs5ye272fo6uze2uvjk6t7qabibocjedfcv5fva
aport.i2p,uvpczf5ljaptviombwxi6vmqxpzh6zpthyhvczzp57ihwfzrxnhq
arc2.i2p,rnmosuwvtftfcrk5sk7zoyhyadh2g4dhe2mif5ml7qjisgkyw2na
archiv.tutorials.i2p,lldr2miowq6353fxy44pnxfk37d6yn2f6kaivzecbmvvnnf5exyq
arf.i2p,o46lsq4u7udxg3qqlidrmpj4lb4nr7ldxmbb2x53nftndaeyxqeq
asmith.i2p,vwkvflbd2divnm4twz7w2ged4uo2lmc3vr6zbi4sf4mnwcpgec5a
backup.i2p,kepphem42whle3rkfv26wcksmnegdbg6rdp6t3oobdkc2fmzrdkq
barry.i2p,4kyahq53ol52n23l44tefgeaxqpp3cbb632t5k3umdvqcooevdzq
bbs.catrat.i2p,3e2fes3hmo5jkhf7cyjji2gfhymw7mx76ulkekaw2o6iv5wdq42a
bfclan.i2p,73oc3du6vdhzsa6mkxtr2mw3xrjnqmoxsg5cq2dntx4d4et7c6xa
bigbrother.i2p,tnxiifs6uticzyg6ac4lhv2l5luwi6xra7yngocro56ive5e4jsq
bing.i2p,xmn674kxxsmrl3rvu6wcexk66l4stns7rjgccsggniclrrz2dkma
bitlox.i2p,lqw5khxcdntlv3u4vhn53upcqirplvnc4etjlmoytrzs66ytettq
bitmoney.i2p,sd7asgdgnicjyj6lkaavux77u4vyvhv62pm3dfmluoc4xuivxb4a
black.i2p,sjwueu62qpe6dtv5b322k3f23fl4uz3w6qe6wcrwauiwpnymypfq
blackdragon.i2p,yj7fa7i4malizkewvvzufwgig4dypuig2o3ysfxtewpxs2eqaq5q
blackexchange.i2p,ztgr5kghkyn43fhhkuycroxgfti6cojo3vg4wdd3usqonyvrla5q
blog.tinlans.i2p,ylkch2nkrwehakx4z6wiyjbeqwlgasknukdkex6r6yq4xusrjnda
bmw.i2p,6naudpj2zozw6aiiqusv6znfzyprwitrufauz3zuejtdbotp6mxq
bmworc.i2p,w254y65la47elcmf6mo7xc2caamm3ikeusmjjfknwsavwsy4whzq
board.hiddengate.i2p,zojmbo7fz2gxdk3zzovvjittzokdgwmtztf7t457544zt6m6zova
bobthebuilder.i2p,qlahgthqhr4uojkkwahnper2cl3ro5f5gtzy5t4lzapbzo4osy6q
bote.i2p,bhjhc3lsdqzoyhxwzyrd63kvyg4br6n2337d74blyintae66mr2a
bt.nnm-club.i2p,bmqz3v5ulhkvyqeahmp7co76ea4mwrxvb5nmtuclltpthm4mb47a
burningcold.i2p,7sw4p3rhzl5q2olfcxwig54huc3rhhoqgqsz5cdpy7k5tlwfsriq
burntout.i2p,lkep3fd7tjvxrs25crr2c3jy7xm4s7bqiua5r327zgpw37sgyerq
bytepay.i2p,7amc4ztwkzu3cgsaaaw3223ohuihn5hlsqc6gpf2rxdyptdkyugq
cases.i2p,kmpmk2fmineaiwublteqlifg4fkmewnhmxqlcgg7qwecz6daj43a
catgirls.i2p,taxqiyvy24hk67dadf3hzdsj4jtzjadljs57wdfgaujt46qeujbq
catrat.i2p,3ha4vnxtirlerv3g34j675r3b5xyylajffvqmpcj3plplq3nqchq
cats.i2p,ma773liy6ascw44gfnkt73fn2bnjjwcojn2xv5zdx5iigigiup7a
cbs.i2p,u3lp7wazvq6opodzwjg5sc5w5kwxehmxd4wcdpt4s4j2k4dx4apq
chan.i2p,fer3oxecsu3tknnnqsqlta3sy62pzsbqrqgr56xzyu6ezxbeqttq
chat.volatile.i2p,o2zogadvui65kr52h2sqeh2d67l4rx5qhd7gj53hkqbsj7y75wrq
check.kovri.i2p,7uea4hzuqwbow5c6hm3ghkr7mvyb5vafoo473wrcaa4rmua2d7pq
chen.i2p,l7fr75pvy3o66isse7bb4bdsy6coq2eb4irjkrsdlugbjanxqzzq
chess.i2p,sbnoqznp5yzxals3vs6nzyqaj2fetvonys4e3b3x4ktmfeus54sa
chishir.i2p,gd3ijpmfcmcukfjgxupuepckitmx52vii35kt7monsv35ljmbkbq
chitanka.i2p,u4s3jneepk3akoez46kqiwikoezi6zyj2ibjkjyi4uuvsbcojzba
christian.i2p,7atkjb6iiru3z4dtb6q3k2hmcyhe4tigbgy55pqi5wwg33h6jwma
cloakbuffer.i2p,rxjexx7dole53hiuaoqqjyq2nljknmnjfws5hwyfoc7jmmhmwrpa
co.i2p,3mvo5eifcwplcsoubtvqkzdahwo2sdhfygfdde7lj2glybk4q22q
costeira.i2p,abhty5xlmnyab2kqdxcd56352kcescxoux3p6dbqdrghggyygnxa
cryptdesign.i2p,ekfldb7x7hgmznu7wnw5d7ziryizyqr3dfhgjcnzshmbyn27zruq
cryptobank.i2p,cv2ccppauuoc5lq4drvbs6wdxzsa6iswnrxqf7idie36rxbqp6ra
cryptofreedom.i2p,uflpfypin7vzybsui2qk6z4cundhhenixjtkrmnhrxedfoaokefa
cut.i2p,uk5jarq7yvogeuxnbmntdkheyoh56mqbbqeysphdzcllnkvz5e2a
dallashackers.i2p,lzkthydgao725tev3rsqdgy526t3rfae7q5xjxbmvy4huimlkiiq
darkhardwarelab.i2p,hdzxaxt5y5owwvg42s46ygxncshiaha5ec6kvczo62conzuh3pja
darknet-products.i2p,xatbsnkatiravmh26kpb3qj4nq5lwxyze4q5uax4mme6yv23tzkq
darrob.i2p,hz2xhtpeo6btgiwi6od4qj2575ml5o2246rd5orarruyjhd63zja
dcherukhin.i2p,qa4boq364ndjdgow4kadycr5vvch7hofzblcqangh3nobzvyew7a
ddw.i2p,wlyy7ees7cumw7ggrs7ksp3uzld6holwopqr6qikncqjgj3vngka
dead.i2p,7ko27dxvicr2sezvykkrfiktlghx5y5onup3f2bas5ipocy6ibvq
deb-mirror.i2p,l6ly7szjqvbffz7hacvjxqsbvpxoguh34ypkddtgse6bq3fljayq
dedsec.i2p,upv2r4qnrwt47ckt3x5but4hwwzrjla7enp4zmium4e67lt4qjoq
deepdankmemes.i2p,ht4cn7mltt3bn7fm5uvbuvtnuc5laxyiimxza47xi3wffra2ehkq
deepwebradio.i2p,2nait2gdeozkgf6gyhzjfij6mwldwkxxwcvtxobb4b5q5cvtm5la
deploy.i2p,ujzspsqkbz5z272eozsrdv4ukl434h3fuliwrfxxnab74jmd7e6a
devfs.i2p,3olqlrn3jutjmry5aaxndt6m7diktaf66zwp5fbrks6qf5ax5e4a
dg2.i2p,sjnqo3saada5pfldxmsvszns2rosi24uy5m54k7z6wqimewbke6a
diasporg.i2p,edvccoobtjukjgw2os5eetywanbb2mpag5aknkrpia5qx2koksua
diftracker.i2p,m4mer767ipj7mq6l7gdrmrq37yzvsj3kzezd7n7nsfuctntjseka
dnca-anarplex.i2p,szdgwbm7utjqoawfnwtlmqtqemhycjucbvrxx46d3u2yecoicj3q
documentheaven.i2p,3kbrghggbvqawdmxeesbnpqjtq7645evesf4dggj6hzbgvkzng2a
doom.i2p,yvnq6yyiluav647i7qc3hpjkprrbx7x4hb7e6djgwflu46vwqodq
dumpteam.i2p,2fwlpuouwxlk2nj4xklvm43m52tqyhqnu2fcfiuv7clvf3wd5nwa
e-reading.i2p,z54dnry6rxtmzcg7e6y3qtsig5yf5fmehuvakcg5wnuahx3iafuq
easysoft.i2p,ecbhsjzyt3pjp6zv6btqin5cbhlwqsgritljgyx5tc4aoarojeva
ebooks.i2p,bvpy6xf6ivyws6mshhqmdmr36pruh2hvoceznzeag52mpu647nzq
echelon.i2p,afvtspvugtd32rsalxircjglh3fhcjzk7gxrm3gw4s2yrpvzk6wq
eddysblog.i2p,ieac3ub4g5sy3wuhsbqfembnpp7f3a37xgcx537ytzsmgfzexnbq
eeeiue.i2p,ilzqzqvzpclqdhhrog5oycul2aaxtwb7ndy325aphsfg3oefluqq
eepme.i2p,i2dhxxmowponghj3tlxq43z7b2oqnht7pkxa5esoq2zcn4odussa
eepsites.i2p,isskhl4ak3g7qevrarlmblddgr4ugnn3ckalwpjcvxafk5rjgypq
elgoog.i2p,z6hrgkg2ajmuzlrddjlffrgctx7x7fkipm6c4hdzmohyn5wkr4ya
eliza.i2p,2c5xvunc3y3xvtt7f3glwm2bdqfep7ydyshygcxmecheeezmzs5a
emercoin.i2p,o6aga5qbgi555rulkuerbjzmmibupcpywownhuokl7b5s3ktmbsa
endchan.i2p,crdjt54gtdj2twfc4oxur2jwqc5u5mtzo44q57bfju33d2mbomna
epub-eepsite.i2p,yxvzjwd4vin6pnjauekdufh7lxaijal3kqe2bhakuf47g5zkb6xa
es.hiddenanswers.i2p,cw7ge5ey4ekp5iep2kaw6j54boebtqytpcbnvio2bfpccd5ejzfa
eucent.i2p,64qe3xnofn3ah6ghjkaq3a5vk4eurmgraptnphpdhaoxkjchg36q
exch.i2p,vsyjsbbf2pyggtilpqwqnhgcc7mymjxblamarmxe5hmbxaxvcndq
exchanged.i2p,ylmulgfskl6uiwac4hw4ecwqdzd3oxtwaemzj25zc6k5q4rkexra
fa.i2p,6n6p3aj6xqhevfojj36dixwbl4reopkhymxmatz7ai5sroh75rka
false.i2p,77mpz4z6s4eenjexleclqb36uxvqjtztqikjfqa4sovojh6gwwha
fantasy-worlds.i2p,62a4xcyyhvfrcq2bkckb7ia37fmrssrgx467tlkxp32fjpq577wq
fatsvin.i2p,iz4wqjwjevpwc5lcezik6anxuzpnrydyiimerhrigsieqldulrqa
fb2book.i2p,3a24ytysvevkcgtssyd6fjgy6efck3bfonkanh7bphal65fthfvq
fido.r4sas.i2p,i522xmu63hfbaw2k54cthffcoqmeao6urjyq3jg4hddf6wf57p3q
fifi4all.i2p,v2stz6bsot7sbjzix5tky5dm5ej7gidmjnkvzqjju5xvz5sz6fwa
filehub.i2p,rsbtaakwwfvodxa6xyn7ea6tmi2andrfmlhdcasgy2xx32no2cpa
fileproxyxmpp.undefined.i2p,oc6caemyolql5xwav6y7kputwcb357qk2matzevmrlyrm3y7f5pa
fireaxe.i2p,ov3ev5dplhdz6ipy442ftb4kzz4dembm3ifs2jo25qhiyw6f4ogq
first-world.i2p,w35uyqjcbdrohmtwgk7pf36djxelyiq5gs76hzyrwovpnmkv2gcq
flibusta.i2p,zmw2cyw2vj7f6obx3msmdvdepdhnw2ctc4okza2zjxlukkdfckhq
fmnet.i2p,zveaklfzb6xmcayvmmkdvqnboibmcddnk7tvcw56l4au5zuyrkqq
forum.anoncoin.i2p,sytfn37x3exrre77ctjuo3g7nhnky32bqgpcn6jr7e5lijz75nuq
forum.hiddengate.i2p,gsuejshp4433zxbrb4yg7sdxw4ln3b3n57i2gpzij4ddazed7tka
forum.i2p,33pebl3dijgihcdxxuxm27m3m4rgldi5didiqmjqjtg4q6fla6ya
forum.rus.i2p,zd37rfivydhkiyvau27qxwzmerlzbqtthsa5ohtcww62zrygjaga
forums.i2p,tmlxlzag7lmkgwf6g2msygby3qttxvm6ixlfkq6s6cpgwubp33ya
freebel.i2p,itir2seplkvrcgvlcw4v7jp6zkzdhmu4tbu2kcev2zkn3foi77yq
freedomforum.i2p,abzmusjcm3p3llj4z7b5kkkexpsxcnsylikokouk5txfim3evqua
freedominthedeepweb.i2p,jajc3urxerox3f2gfpfdgcvwcghnpppyvurh4uo2wwue7yebhxoa
freefallheavens.i2p,giqnkltyugfmsb4ot5ywpvf3ievuswfurk6bjie4hxi2hh2axajq
freeworld.i2p,c6jgsi4fqvu63flxdq3qq7e6whpyqpdmy25k65b4se7vjafow3va
frenchsharingforce.i2p,jgj72ptq43shnabzljbza2o3kx7qryrpjqhotscalllr7yqiq3ga
freshcoffee.i2p,sscuukigp6alcb3ylhkcugoejjfw5jqgtqbsbafw4hyku42lgc3q
fs.i2p,ah4r4vzunzfa67atljlbrdgtg3zak5esh7ablpm6xno6fhqij35q
fsec.i2p,z432orw3ba45bxy2adkb7bdycva5xrraqu4fbzki5bnluxiqtvsa
fsoc.i2p,vaqc4jm2trq7lx2kkglve7rkzxhhaptcwwl32uicx4ehf5k3hx6q
ftp.open4you.i2p,4ek4ltehr35aicnduha5gl3tiu6acnbk7v63yicjyd5sx6mzs5yq
ftp65000.open4you.i2p,vzv2sjdkcgzyb47u7ump63sqgli75za5qcgilnzpt5cyvpyez5va
ftp65001.open4you.i2p,e7sqiurf3njnhwbkeen5wjoqgfdhdpehcqgwyfpm62oew7c4lyzq
gallery.i2p,2ps7wt3v67ni2d535lwaubpsuuhxsg3igifsy7qlzolbrxaimunq
games.nine.i2p,ov27guhkdyhgdkqcsi7ipxsbudytn7bj3qp6ovwk6ih2wwu6sl3q
garden.i2p,qkk2dqx6nocycgt3vinsoc76cxkb4jreybcpgz3fcps2dbe4rowq
gcopy.i2p,3pa2pmbix7cy6ihlydjohqudnwz5ssk6jvwqiouoc2lq2p77a5eq
gdd.i2p,ddlxcqyifaajcshyzy7d5rw5ziqil362gljf33gjlstbkroaxi7q
gelbooru-archive.i2p,lgjfssrj7sznvli7ebtadzo2leefvxi7uzyt7aprtgxyh3xmi2cq
gelboorumirror.i2p,lgjfssrj7sznvli7ebtadzo2leefvxi7uzyt7aprtgxyh3xmi2cq
ginnegappen.i2p,kbhfkzx5jeqhfgss4xixnf4cb3jpuo432l3hxc32feelcmnr3yja
git.devfs.i2p,yklo4bsbwi66r2wlbug5jrkpx6tlquo34knzaopsboiz5dnxn5rq
git.psi.i2p,em763732l4b7b7zhaolctpt6wewwr7zw3nsxfchr6qmceizzmgpa
git.repo.i2p,vsd2vtgtuua2vwqsal2mpmxm2b2cpn3qzmqjoeumrrw2p4aot7uq
git.volatile.i2p,gwqdodo2stgwgwusekxpkh3hbtph5jjc3kovmov2e2fbfdxg3woq
glunews.i2p,2bka7rmfn75ollbwq2cgzf35yxx3qz3lttmwi7i5t7iptlj74yja
go.i2p,ll6q4lsirhwkln4dqxwqkh2xu4mu3jiy546b4uhe4fypyb4vvx2q
gomi.i2p,wne265y2p6xuaefqnhk2rb4gfhfiw7udvilnujev33f7tlux42ja
gsatdesk.i2p,yfcliyat7jjuj3qfdbaunlbt25icteuilkmru7unl2tdmq5lxaba
gsn.i2p,r6o3boq27rhrnoc5xzt2l5azmnirnldt6lvpgs2xfybeb3caju6q
gusion.i2p,4qyfdhizjixe2psu7wcvqufix5wlijocehpb2futurcmlhlktrta
h.i2p,cdnb77zmuqudreubv5trohs5mx5qkg6rmue3wvkfcqmccpeciloq
h13.i2p,tozb4vssixoccyqtgnpaatkg2ql52kkjwnsdo3dltezges2na4bq
hagen.i2p,e2t6rqd2ysbvs53t5nnaf7drllkgk6kfriq3lfuz6mip6xfg644q
hansa.i2p,4yql32dohkor4kilyxk3ole4xajgo7eb25thxasfimoffsgebmxa
hashshop.i2p,ltrposvzibc5ahwbcjgyk7akq52udeuetprotyy5sbclxp6v6yaq
helpu.i2p,3rs5qlv5bdpvwmsxhnh4gjw7yrta7eoe6wjcrny6fudzottnxmua
hiddenanswers.i2p,kj2kbzt27naifij4ki6bklsa2qfewxnkzbkgvximr4ecm7y4ojdq
hiddenbooru.i2p,zma5du344hy2ip5xcu6xmt4c7dgibnlv5jm4c2fre5nxv44sln3q
hiddenchan.i2p,6y4tltjdgqwfdcz6tqwc7dxhhuradop2vejatisu64nwjzh5tuwa
hiddengate.i2p,rvblcu54jvkkfffp3fobhunsvpgfc6546crcgzielzwe2s5m5hbq
hikiko.i2p,jwifa3ysjbrygc6szxchn2bck5zonnihhxwrotly24se5xob6p3q
hosting.i2p,ice6ax5qrzwfwzsy64bctffj6zlzpuzdr5np65zsxlbt7hztyc6a
hotline.i2p,6cczi27iuxkm3aivazaemzltdqgh42ljzurqp43uclbz2lid2uqq
hq.postman.i2p,27ivgyi2xhbwjyqmnx3ufjvc2slg6mv7767hxct74cfwzksjemaq
http.i2p,ygzrfsuuytq6chx26qtdd5a3z5as3ylymqy7hxjnn4xaxisw4x6q
humanresources.i2p,pwm7w5z44w7xblqpod5ou3nfvw3izybfrw5waeqa3vuvzwl6xhjq
hypogeum.i2p,wryo5vzllas5g4hxjhofzmvp2cnrv6flpof7pwd7lrrdxeazb6tq
i2fund.i2p,ibtuscldyp6zog3dqxw43p5gcy57jfvmvaczohwqbydlj3rdf7dq
i2p-epub-eepsite.i2p,yxvzjwd4vin6pnjauekdufh7lxaijal3kqe2bhakuf47g5zkb6xa
i2p-projekt.i2p,udhdrtrcetjm5sxzskjyr5ztpeszydbh4dpl3pl4utgqqw2v4jna
i2p-scene.i2p,cc6z3xuw67d2mpq5horgu4mpk7hybmhutotmwvmzzpvoudggifuq
i2pbuggenie.i2p,bioq5jbcnfopqwvk7qssaxcl7avzeta6mu72jmxjeowflpcrhf6q
i2pcollective.i2p,yhug4bpdj5mlmwlidnarhdjbn2owet4u4x7npqd2bbpt2p3jx5mq
i2pd.i2p,4bpcp4fmvyr46vb4kqjvtxlst6puz4r3dld24umooiy5mesxzspa
i2pdocs.str4d.i2p,yfvbtrhjac3jutdsqzugog6mbz3jtyhpwovrt2mqc5mzv534y7cq
i2pdproject.i2p,5a7tngsj4ewoz3ufqoklzaxchyg26qojmoivoj2ianiokebri6ba
i2peek-a-boo.i2p,qgv64klyy4tgk4ranaznet5sjgi7ccsrawtjx3j5tvekvvfl67aa
i2pjump.i2p,2mwcgdjvfvd3xwumzqzqntual3l57h3zo7lwdmkjboeraudpkyka
i2pnews.i2p,tc73n4kivdroccekirco7rhgxdg5f3cjvbaapabupeyzrqwv5guq
i2podisy.i2p,3c2jzypzjpxuq2ncr3wn3swn5d4isxlulqgccb6oq5f6zylcrvcq
i2push.i2p,mabdiml4busx53hjh4el5wlyn4go5mgji2dxsfyelagi4v5mzjxq
i2pwiki.i2p,nrbnshsndzb6homcipymkkngngw4s6twediqottzqdfyvrvjw3pq
i2vpn.i2p,bduw26oby3cjuwihuxbf6ruhyydupu43bpr4su23pdzugsnhh4ha
identiguy.i2p,3mzmrus2oron5fxptw7hw2puho3bnqmw2hqy7nw64dsrrjwdilva
idlerpg.i2p,ghw3xixix5dk2y3pzjsvmlput7d3z6pawkwe6hme5jddxmzqkama
ihands.i2p,c6qxr35an7xzxzymuismym2buwbkoi7rajchcljmiw6t2xkujsaq
ilcosmista.i2p,6u2rfuq3cyeb7ytjzjxgbfa73ipzpzen5wx3tihyast2f2oeo24q
ilita.i2p,isxls447iuumsb35pq5r3di6xrxr2igugvshqwhi5hj5gvhwvqba
in.i2p,r5vbv2akbp6txy5amkftia757klgdy44s6cglqhmstpg65xycyjq
inbox.i2p,rw6um4xv56eggo4bb2yzn7epdkyhggyjjc2rskx5nkqg55w2jq2q
infamoussec.i2p,k5nlxksp2vrfj3ber3gvmt3wbsmxkirsywkoub6rqqbiozp44clq
infoserver.i2p,jd3agbakybnhfvkeoxrx7t33iln6suzomv3kxkxf77j7rkonch6q
inr.i2p,joajgazyztfssty4w2on5oaqksz6tqoxbduy553y34mf4byv6gpq
io.i2p,tx22i6crnorzuti3x6va4mijsbhoqswy2cfdxjbvprgsq4eerg7q
irc.devfs.i2p,2tnl43crujj7gfko6ln4gp64zl5fkh4djvcjx2piyjvvsl76c5ba
irc.dg.i2p,fvp3pkcw4uvijqabwtekcdilklp73gyasuek67wdcs2mucep4caq
irc.echelon.i2p,ez2czsvej5p3z5bquue5q3thujcodfze7ptybctqhnqc7hms5uzq
irc.postman.i2p,mpvr7qmek2yz2ekegp5rur573z7e77vp3xqt2lfbco5i6nkfppcq
irc.undefined.i2p,t6phciy5wytbthyi6fxwz5towjtae44iqsgtlp56ygx725tetmhq
irc.welterde.i2p,424n5ty6bryfsn3m3buckx4njs4vaw2qch7drfdq32btsyycbflq
irongeeks.i2p,ecduxoion5uc5hnvzjxff6iiwhdwph6gse3dknyvlo7e6gaeho7a
ismismis.i2p,5bgjw3l4unhq2suqjosefozpbxlqfcb2ebuqmfh4awazgp6hr44q
isn.i2p,k4ojims3vs6owh4wo6yxoi65orrbaylrtpoeenewpmxerzgis3ta
isotoxin.i2p,wue3ycaccf4texikza3fh6p5yrmtgnooisuypnepo5mo67lmpcqq
itemname.i2p,o35ut7hgywy35okvgkjkv3ufzv2ejv4luap4oytwbyy2jqy6u4vq
jikx.i2p,aazr55itvyns4lwppvx5njyx5tjdwemw4w6jbmpegdunznod2ieq
john000doe.i2p,5u6jikwqg445gd6uhmmc547qv5yrreuxevjyub5bsla6rxdpjknq
jrrecology.i2p,qxi24gpbum3w3kesuxvheyu3p5u5o6tuvoypaolub2gnvbld57xq
js3.i2p,wlcagt4vcjzux45dfnvjlj6pyt2itkz4xlyrc733lwnsiub6x4ba
jwebcache.i2p,xdffxnxtjd6ji2zig3cgva7igvl2tiapyjoc7ylbzwqhxudbmvfa
k1773r.i2p,zam7u6vslhemddz347uusuzjdk5wma4h5hcmcqlng4ybbpdbjhnq
kaufmich.i2p,xkbkyfgsfvbqhpcofqzwv4ekhyadrjzlrszghjajvv7uuyad2rsa
kehaar.i2p,awzzfuvi7rrq3ue2qoiuso5n6s2cgm5zevsycg6qv7tcipok4eya
kellett.i2p,cmhgn2lsgvfrhrgo5l2fqxkzpngrl2potp2v3jw7juti3jrr2rhq
keys.echelon.i2p,mwfpkdmjur5ytq4og36ym3ychinv36b2a57f4rmgqmtrwepq3fva
keyserver.sigterm.i2p,isoxvnflrdn7cm76yjlfg5tbcugoito2hur7eidbqmo33xmwz5ga
kha0s.i2p,pgyrawdmaysc7fqfi4tn4uziv4izekgcndlw5wjcsshbekuzizvq
kha0struth.i2p,pgyrawdmaysc7fqfi4tn4uziv4izekgcndlw5wjcsshbekuzizvq
kitsune.i2p,mubckotdo3ju3fof4z6t4hh6a6rhzmkexclh4vfhddfyo6tkqtta
knotwork.i2p,2yocdbcjiyfaqgxb4l6oenrrrrie6nydgmbnbfulqg7cik6bozxq
kobato.i2p,l4kzozq64uv7azieh2ggmsb22biqdv2lodbxbb2tlbnozyxfyzya
larvalstage.i2p,h6de62jrrpn7s7omf3y5n666fyzwyzolkctsatrgshgp4juozeja
lawiki.i2p,ddwc3z7tm6yuvh4mzmqne2ifn7qglbz73zyqxtkewlpzl7kpmqzq
lawiki2p.i2p,dkb5f63obsb6wmzcgilebjvmgvw4wmcgzbkczu3sntgckmtzweza
lg.i2p,3xqs2da7pnsqzmxqudsiq26vu6fcmd4ok7nsdytwyovz6omrggla
lib.i2p,nqolhhg7wtr3wyjsxszjhjgh45uztj3xlrtydagwi4fi7ftnbqsq
lifebox.i2p,pyqjnycm55cuxow22voqj62qysrjdnb6nbyladaiaiirqi7vp2yq
lists.i2p2.i2p,vmfwbic2brek2ez223j6fc6bl5mmouzqvbsch45msvyyzih3iqua
lodikon.i2p,u3f67staiwhqxpacya3clmvurdwd2kp7qcthzhstqnhrmlwc2g4a
loinen.i2p,fhlhdpvi6mag7k3ojtmjcwbmkkvhdz5qidjepdcjfs6mkgia425q
lolicatgirls.i2p,a4lzmjyba7aq7hl6okqpds7znnwymolqnr7xhvno2wraqb7uhfla
lolicore.i2p,houswh44wgppohpcr42jydnsqrngvwuwqs2z6jjoh3letwfg4tna
lostfaithinhumanity.i2p,xjv2xlfbipbyjptzgisescucanns7txvovq3ibntkc2cgzttftha
lotnv.i2p,ziwehd4aooxlcdoixbb6xxlgd2s3snmalffca3pzwc6tmuf2sftq
lotteryconnect.i2p,pic52h2sghmghyx4yhv3jmfwshslzumqbgc3dzlqjjxaekdbo7ua
lunokhod.i2p,3yc6sp7xic4grmpfecbwuij6z3dp5kdgoo362pszaco7io42mnwa
magnets.i2p,snz46nez6hrrpg6336neinflw56l3vwatk6bzzytwu77xmsfsoca
makeworld.i2p,pcvzbhbqendkprcj3qfb35cgnmnqdl4bm573gixltdaxz7hifpia
manofperdition.i2p,wy3gcnlkpgirkqnlv6gdo3jx6sh7wqxxudi4cklhmfvytojvxoya
me.i2p,dbpegthe42sx2yendpesxgispuohjixm4bds7ts5gjxzni5nu6na
meeh.i2p,4oes3rlgrpbkmzv4lqcfili23h3cvpwslqcfjlk6vvguxyggspwa
mig.i2p,6npfff3ensyo3hcfqtkf3wcbbz3mp4vstrwcgor7g4apsdsvb73a
mincoop.i2p,wnhe3mehjos6iowxt32o276soshvyxra7gqj6hhyaeulzilq63ua
minecraft.undefined.i2p,oynvlg4vyyvzttklbccgktj4xkbx5w4pah2bnjrqjtvy3jrghhba
mirror1.lawiki2p.i2p,fzeuhovlrmtqim34337hqn65tsfiz6sxpo7ehfg7lnkqyaigx7ua
mochimochi.i2p,nijkdoagv343xps2pm5z2cjujz6pmrozrokrcyhhz3aeje3tfzqq
monero-build.i2p,wc7qzr43g2o33wsluagjhhd4rvrcx7h5hhhtfwl6i42kk3iuouja
monero-repo.i2p,rrhjp2h4665m2vydnqetyz7h4ic267woyneguczbz572nmtygzza
monerotools.i2p,5bal7dngxde2ddmhuzbtfken6w5nmxmixtjlrlmxt3wbhnemv73q
moneroworld.i2p,dyuij25b2gxzq3hfvobwmrtcrdel2nuorntpuyngwr2lvv2kv2ma
moonknight.i2p,gza3w4cf5pvdbvuah6fpop54qtg26m4n3v7ogn2u6thwvqfm4s3a
morket.i2p,aofuard3ltrd4h7uq6qp23u3f35dxjbi6l4xfc6cfe7swljtzx2q
mosbot.i2p,5bhmrp43mjwlzf4x64xgdrkwmw4luvng6eq5waa663a7vnkp732a
mosfet.i2p,s5ynkgagndmpxpf2kmnenv4x72io664gzd2x3qef54ilammnte3q
motorcycle.i2p,sfmytaey7ssmxsnvvgjw5q55ptnzqqnegfiq4topy6gxbkewcf7q
mpaa.i2p,m6cqnglo7xlytwxkdsmwf3d23d6lq5r446c3tktb2tdmuah36zya
mrbamboo.i2p,tmpmkx6wlbbrgsnexrqlrib7laoegpbfeop7bnyezegii7hecpxa
mryuk.i2p,razf6cyxwygg5um3zud4zjvbc7pholxrma7jbzxinn4ewncv72da
mtn.i2p-projekt.i2p,f52x5fp6uhq53f5zle5d6rq5un34xgmxgazvilvmzcby37xcmsfa
mtn.i2p2.i2p,l6kuhtmgvbp57d7jwalj5nksi6nr4gfzbz4oit62lxgipb3llt5a
mtn.meeh.i2p,h7ylrsuzzynrxp3jql7anoozyqblavj7eqces6o3wngvuuxhs2la
mud.i2p,qcjtmicd3ow3q26iwcs62m5zu3dceu6emo3afezulh4c3fsgrkia
mudgaard.i2p,yz32lk42gtoesknesfolq3tt4erxxcejcote5pontaeqev3bj2kq
murzilka.i2p,wu5ukmavxtb5334ncr6oi5a6fqutpurhmhzqtgl5ktkhycgq4s7q
musicfile.i2p,vyp42nsgzhb4wuf4rraeu2dd574cc5goskxcwh75uokqn4u3z7yq
mysterious.i2p,p66g2a4nzfkvidd3l7nwphcnfa3ttyu5kiolcb4czec2rn2kvwsq
mystery.i2p,ccea4jybmr3xbfiykaoagfw7ezbvzyhtg44x2jgwhv7wscsxaa7a
nacl.i2p,bm2fib3tumer72lopjh4nmqomwvqu2sdfyb2hmr6lnk7jbw3vvia
namesite.i2p,2uviv3enxrtwvrysyuzomh7yccvfnmryzzyqddzcyh7aqlrwo3oa
neodome.i2p,5hkhjehj3ct2pvcah7dcylwef2oti3xij5myxbv3pd7rocio5vkq
news.neodome.i2p,trhwcnygfkeqjj6g4xhmrdp4gsjqsye47lsxshbmwbten4ywt5oq
newua.i2p,sl4dw7gpg3ravvmz4fsmj3mweaxyqpqdmb2aadqcxp3vozm4ticq
niconiconi.i2p,p5h4klccaaldvphjw7fllgj3x5tfy7thqnqu5yr6py7dofemeqiq
nightfort.i2p,6vth72b6i65jjbjvxvqxgsydpoy2i3hvn3rjcp73pvdm3l5xwevq
niipp.i2p,uiob477tc7uktrfmj6tvkf6uq62xg2olwdys2vzzki2mbmwxtkfa
nine.i2p,gniusiswp2zhjwh6bxdlyzk2ocg2cx6xxjwcmih4mohjs5sokqsa
nnm-club.i2p,xkk5fzxdmjra4xlijoa43h5cfcbusdjc6dbfplulvouxdbztokwq
nntp-overchan.i2p,mqllejokgwjpp5kc2bl5x3alormjefpgvmosvf3kvzs2mhmddpta
no.i2p,lpsg4x4gdrf7antxcdy47cl6abcqei5ommgzt55retq7go5ku3ba
normal.i2p,j5fex634r2altzb3kjvu35qekt2r3hgsqzg5qxoy7dp53heu5pma
novospice.i2p,ukqap24nwac4gns77s4zy7j5cagt7l7syb5zo7eukfg3zn5gg5qq
nuthxorzcl.i2p,d3ywc3epzry6kox4d74hmncd2jkovsscr4swwmu6wedb5k6hlaea
nvspc.i2p,anlncoi2fzbsadbujidqmtji7hshfw3nrkqvbgdleepbxx3d5xra
nxt-wallet.i2p,33pp74k4ivy67z332qpyl3qlcqmi6gxqumrow4bldkblxxlxqq5a
obscuratus.i2p,i4j37hcmfssokfb6w3npup77v6v4awdxzxa65ranu34urjs4cota
ol.i2p,bnb46culzbssz6aipcjkuytanflz6dtndyhmlaxn3pfiv6zqrohq
olanet.i2p,ymcs6sgtayeu72okqhxwstu6a47lkvzoyupifmfnduncrat34sbq
onelon.i2p,irkvgdnlc6tidoqomre4qr7q4w4qcjfyvbovatgyolk6d4uvcyha
oniichan.i2p,nnkikjorplul4dlytwfovkne66lwo7ln26xzuq33isvixw3wu3yq
opal.i2p,li5kue3hfaqhhvaoxiw2ollhhkw765myhwcijgock5rs4erdqdaa
open4you.i2p,ice6ax5qrzwfwzsy64bctffj6zlzpuzdr5np65zsxlbt7hztyc6a
openarea.i2p,nmju26n2m7tyqbuis6ghykekrslqmpfwd6fspd4lvm2riqmtojnq
opendiftracker.i2p,bikpeyxci4zuyy36eau5ycw665dplun4yxamn7vmsastejdqtfoq
openspace.i2p,uy65dhftzexjgdncmpa64i4ndt3ztua3oq3fm6fxeenjqaqq4upq
opentracker.dg2.i2p,w7tpbzncbcocrqtwwm3nezhnnsw4ozadvi2hmvzdhrqzfxfum7wa
orc.i2p,orcnge47kqnpdj4wb22bg6aqcv5v6yu7kmjf5ll3htvseiqayntq
organizedresistance.i2p,kpspvipmqbfe3dft2sgl27km5ncalvugpphewnyde3yyup6q5pca
ot.knotwork.i2p,cxhvvfkbp2qbv5qojph7zb46molpe2ffanghnerjag3xdmy6ltxq
outproxy-tor.meeh.i2p,77igjr2pbg73ox5ngqy5ohzvrnur3ezqcogtl4vpuqtrcl3irsqq
outproxyhighanonymous.i2p,tujgzpy4yq3yoenbgybivrvsrzh4cmj67j2j43kik55dnpqlbhcq
overchan.oniichan.i2p,g7c54d4b7yva4ktpbaabqeu2yx6axalh4gevb44afpbwm23xuuya
p4bl0.i2p,lkgdfm4w6e2kkjhcdzr4ahhz26s3aunhrn6t2or436o73qh4z7ga
p4p.i2p,cdnb77zmuqudreubv5trohs5mx5qkg6rmue3wvkfcqmccpeciloq
passwd.i2p,ojugl3kbejhzcmyq7x52ms5lraxsig4ofkhvbgzleraer4zczroa
paste.r4sas.i2p,csen43keji3qiw6uobsgzysxyjd225g6446ylq5uuz6ur2glkzaa
permalink.i2p,vq5jx5cnmwu2bbvcwkv435i6hxb5qrhidaqmrpcurbqckm7mwxoa
pinkpaste.i2p,o5zdq6iuire5eatwehhhylj7vbsdfedhm7wkd2hoejh7wxwfbqnq
pis.i2p,xwgyr3pqaxx6aromrhm266ptcigcegggosk4h4khms2g23cddbtq
pizdabol.i2p,5vik2232yfwyltuwzq7ht2yocla46q76ioacin2bfofgy63hz6wa
plain.i2p,y7f3c5s2n44j5pnsxncqpasluv6k7i5jtnhjfs5mfulcgcas6sqq
planet.i2p,y45f23mb2apgywmftrjmfg35oynzfwjed7rxs2mh76pbdeh4fatq
podcast.i2p,yxxlvtvuiopr4u2rnk5hydkol6tf2kzv7izp34jz7q4orewzqsoa
pop.postman.i2p,ipkiowj7x4yjj7jc35yay3c6gauynkkl64gzzyxra3wmyhtfxlya
pravtor.i2p,2sr27o5x2v2pyqro7wl5nl6krrsbizwrzsky5y7pkohwh24gn6xq
preppers.i2p,nv3zav3qgmpc5bpdp6zdtlkgcxtb4h6w2ftg2ocg27btnoy2tuiq
pris.i2p,ahiwycgzuutdxvfqu3wseqffdnhy675nes57s4it2uysy5pxmz6a
privacyhawk.i2p,qnfdfjfrcycygz5p7drylkv6pde7b5ehxemefjt63blqtal4cpaa
privacysolutions.i2p,4m626tvfr4skzunz7tri6oti3alinbxnoglnvqeqmf4mwvdzyaeq
privacytools.i2p,wfewiqkdt5bvowfp3igmkaksjvcvwj7bag2smqpqyu5x4hges2qa
project-future.i2p,ivqynpfwxzl746gxf376lxqvgktql2lqshzwnwjk2twut6xq7xta
projectmayhem2012-086.i2p,ehkjj4ptsagxlo27wpv4a5dk4zxqf4kg4p6fh35xrlz4y6mhe4eq
pseudopolis.i2p,ungmgjs2w6dmugyc73k2tppwebp5xxeiw37xbbxmmxuyxz7nuwsa
psi.i2p,avviiexdngd32ccoy4kuckvc3mkf53ycvzbz6vz75vzhv4tbpk5a
psp.i2p,2nfqfabeahfl3eeqxuum2sapzfedu4kkyydivlqjmp5ipvvqvmzq
pt.hiddenanswers.i2p,o5jlxbbnx3byzgmihqye3kysop5jgl3unsrkmurbtr2nrnl2y74a
ptt.i2p,q7r32j7lc3xgrcw2ym33wv4lfgqbez7vtm4lts7n34qfe3iygeha
publicwww.i2p,oitoja234mwfbeuhtuibnxn6hd5v4nbtf7oxfgdhk5igrg6wkiqq
pull.git.repo.i2p,3so7htzxzz6h46qvjm3fbd735zl3lrblerlj2xxybhobublcv67q
push.git.repo.i2p,jef4g5vxnqybm4zpouum3lzbl6ti6456q57nbyj5kfyldkempm3a
py-i2phosts.i2p,3tex4wm37lbtnbjolege3yiopmfi3ahj65vu6kmnjhwzgrcyf5ga
r4sas.i2p,2gafixvoztrndawkmhfxamci5lgd3urwnilxqmlo6ittu552cndq
radio.r4sas.i2p,cv72xsje5ihg6e24atitmhyk2cbml6eggi6b6fjfh2vgw62gdpla
ratcat.i2p,lmur6cgjp2txuaor4zso2w6tvg54btb7iup552yp6qvnrlvw3rzq
rblcom.i2p,dysjyfzd3pd7i6lp54mt6hv33xpdvcblvr7nnzy7bfc3lyo4vaiq
rebel.i2p,nch2arl45crkyk6bklyk2hrdwjf5nztyxdtoshy6llhwqgxho5jq
redzara.i2p,ty7bt62rw5ryvk44dd3v5sua6c7wnbpxxqb6v4dohajmwmezi7va
reg.rus.i2p,k2r2wda4eavt4hoq5hptprqfmixusirq3gi5bl3z2pqzcd6felwa
relatelist.i2p,utrer5zgnou72hs4eztmk37pmzdtfw3d6s23wwl7nk3lkqpzbdiq
rep.i2pdproject.i2p,rexmpwqbkjzietrp6aabxdih6ek2imqhrn6hu3crym3mqce2v5zq
repo.i2p,uxe3lqueuuyklel23sf5h25zwgqgjwsofrqchhnptd5y6pedzbxa
repo.r4sas.i2p,ymzx5zgt6qzdg6nhxnecdgbqjd34ery6mpqolnbyo5kcwxadnodq
reseed.i2p,j7xszhsjy7orrnbdys7yykrssv5imkn4eid7n5ikcnxuhpaaw6cq
revo-ua.i2p,hpojpumki22xjwhmhe6zkiy44oanyn7u4ctcfe3in2ibwm5l32hq
riaa.i2p,lfbezn7amkzhswnx7lb4lxihyggl2kuqo5c7vwkcv6bwqmr4cuoa
rootd.i2p,mzbe5wofwn7eaqq4yefrmxizqaxoslwqxrv5qcv2opx5lnhg64dq
rospravosudie.i2p,z55khrnlj6bzhs5zielutm6ae6t2bbhfuiujwlrp3teubqyc4w7q
ru.hiddenanswers.i2p,o6rmndvggfwnuvxwyq54y667fmmurgveerlzufyrhub6w3vkagva
ruanonirc.i2p,epownolfv227hhzogufiieiofi53za3qctgim7xobsevvntuxiqq
rus.i2p,gh6655arkncnbrzq5tmq4xpn36734d4tdza6flbw5xppye2dt6ga
ruslibgen.i2p,kk566cv37hivbjafiij5ryoui2ebxnm7b25gb3troniixopaj6nq
rutor.i2p,tro5tvvtd2qg34naxhvqp4236it36jjaipbda5vnjmggp55navdq
rutracker.i2p,ujyqbawolalwvdpy33v2wjuaspnu4ym3fsl3fd6mldjblzzqlvlq
sadboys.i2p,uekbvq66fr3hcmevh7ixhth2qhqtrzatmipxed7hwkk7x76oms3a
schwarzwald.i2p,4gokilzy73mmudufy3pohgatm42fcstx7uzg5hjvnfyphxpnphuq
secondrealm.i2p,ykkgrp4u6kmcqiyefiahcbcc5bxkutwketp4n4dmgkgawwitcolq
secure.thetinhat.i2p,4q3qyzgz3ub5npbmt3vqqege5lg4zy62rhbgage4lpvnujwfpala
seeker.i2p,ipll7sit24oyhnwawpvokz5u7dabq6klveuqpx3sbi6o5qemy2bq
sentralintellijenzeigency.i2p,kqq6r6z7twhz5nmqpy3hdqo5iifzaz2urker3zscs7m5mt77llta
seomon.i2p,5mvpsy4h45w4fx7upen7ay3vkrs5klphz5nptmtcqvc3fsajsm4q
serien.i2p,3z5k3anbbk32thinvwcy4g5al7dmb75fagcm3zgh4rzrt3maphda
sfor.i2p,75kjzjxnxiwcqlygfv33ev7b5dlriaagtau2enrikxcde5yit23a
shadowlife.i2p,jme44x4m5k3ikzwk3sopi6huyp5qsqzr27plno2ds65cl4nv2b4a
shoronil.i2p,7shqzgmb6tabiwrnwlasruq7pswy2d3emvfhaitehkqgod7i62sa
sigterm.i2p,5tuw3uj6x4p5xousgqg53ygbsi5ixozxnnkgzzwdqlhtoe2fbzqa
silc2p.i2p,wt4mvbvnpqniywcpkrrjubvcwyskskujxjkhk24xmhrojdeisoja
smtp.postman.i2p,jj7pt6chsziz6oxxnzpqj7mzhxm2xfhcrbh7dl3tegifb577vx5q
society.i2p,d6atkbmzbvh3tqflgieqe6pa2sma5x24q2nsz6mzdl3x5qhzreea
somosanon.i2p,gaekqon34xidtzqyzsgirq3lkv3avclo22v6464w6hjuf4bwzkua
ssh.i2p,xpvdadaouc4qr75pteymyozc7mcsynjfkuqqkkla542lpcsqionq
static.stealth.i2p,vwzhvxtomztdzg6wkzsz7iv2snnjzcfcka2ujv3kd7qq6bkw4dnq
stats.i2p,7tbay5p4kzeekxvyvbf6v7eauazemsnnl2aoyqhg5jzpr5eke7tq
status.str4d.i2p,ycyyjo3psqbo45nuz243xvgvwnmzlanzqbzxv3kh6gyjztv7425q
stealth.i2p,wa43xn4jws2oy34i4wazuolaiknghow7zdhvnlnw2q3qtq5tnf5a
sto-man.i2p,rg4eilfpe24ws6nctix63qw2dlvd2tqgwdcgdxzji6l5bc4dc7aa
str4d.i2p,wrrwzdgsppwl2g2bdohhajz3dh45ui6u3y7yuop5ivvfzxtwnipa
stream.i2p,prmbv3xm63ksoetnhbzqg4nzu2lhqdnqytgsydb7u3quxfrg7rna
syndie-project.i2p,xa63tpfoaqt3zru2ehxjjfbpadwj4ha6qsdvtcqtyr3b7hmt4iaq
syndie.echelon.i2p,vwrl2qmcif722fdkn3ldxcgz76df5cq4qypbndzthxwgmykyewta
tabak.i2p,y5o2vwb6kart7ivpnbpk4yte3i7kf2dsx7fy3i6w7htqtxhmbzia
tahoe.fatsvin.i2p,jf2g5hus6gp2jfgk7zgc2cxtzeedxbstr3ju374amtoaq6p2ax6a
techno.i2p,dx444pxqxytqdltutvjdydrasvta3if4djptrojidgenxybcauaa
tecsoc.i2p,kng3ri7scfoqdogy6pkschn5son2ls7z4kpwgnosi7zknit7lr2q
test.tino.i2p,fijhlcnzjnkxmmclua32nlgohd3kfxbwboltkjcdlhmcoaxcir6a
thebland.i2p,oiviukgwapzxsrwxsoucpqa47s3wt6nfuhfjxvgbqsyrze2mwrda
thefilehub.i2p,fsojgg55w6vvpzcuw3e7nflmhublfdlb3mspnebuvjwgrvdwcz2q
thetinhat.i2p,udvz7opxck6knhsww5ii6dgufbstxzctilwnenzhw4iaxfdeia2a
thewanderer.i2p,d5mautqn2zrvq3ex3caoeihljurp7y2amf6bdicttyozra2ysrha
theyosh.i2p,ixd2ygz4xnfwu6cajexlguit2t72wdfpevgl5bbgn5g37jkt5amq
thisthingimade.i2p,bga2ae2ff3s5p2nskg2l37ns2ad6smczpvgjhm2olgxequogepja
thornworld.i2p,vinz4ygmodxarocntyjlfwk2wjpvzndlf4hxss2w2t3fk52oplva
tome.i2p,qktkxwawgixrm5lzofnj5n24zspbnzxy4pvjm7uvaxvmgwrsuvgq
tor-gw.meeh.i2p,ounrqi7cfemnt66yhnhigt2u27fkctbvct527cp2522ozy3btjza
torrentfinder.i2p,mpc73okj7wq2xl6clofl64cn6v7vrvhpmi6d524nrsvbeuvjxalq
trac.i2p2.i2p,i43xzkihpdq34f2jlmtgiyyay5quafg5rebog7tk7xil2c6kbyoa
tracker.lodikon.i2p,q2a7tqlyddbyhxhtuia4bmtqpohpp266wsnrkm6cgoahdqrjo3ra
tracker.thebland.i2p,s5ikrdyjwbcgxmqetxb3nyheizftms7euacuub2hic7defkh3xhq
tracker2.postman.i2p,ahsplxkbhemefwvvml7qovzl5a2b5xo5i7lyai7ntdunvcyfdtna
traditio.i2p,wkpjjloylf6jopu2itgpktr45t2xvpjijxilxd5tq4i7wkqgwhhq
transrants.i2p,kyhfice4vw3jn7k6tgbipxgdd3ifmulwcwfm5pwqu7nsuahc3c6a
ts.i2p,nebcjgfx3f7q4wzihqmguwcdeopaf7f6wyk2dojw4bcuku472zxq
tutorials.i2p,zy37tq6ynucp3ufoyeegswqjaeofmj57cpm5ecd7nbanh2h6f2ja
ugha.i2p,z3f3owc72awbywk4p6qb5l2mxgitvs6ejztggbpn2a3ddmymfjda
uk.i2p,vydbychnep3mzkzhg43ptewp242issy47whamfbxodc4ma6wc63a
ukraine.i2p,msk6mls32w6nh65r7ke5bjozf2r3z563ti7iwewts72jtkxhq4oq
update.dg.i2p,iqj6ysfh3wl26m4buvyna73yhduifv523l7bwuexxak4mgldexja
uprprc.i2p,j4xh4zamxxawkgfszyhmm63uximohqqbt5vtnwbdkaqn3eauesfq
useful.i2p,h7jovk5wflhcpvulddundjbeqrwencbd5klplfutfnvwmgeykfaa
vadino.i2p,aalttzlt3z25ktokesceweabm5yyhhvml2z3rfotndgpfyh6myra
verge.i2p,wjpt2blspvkqzp6hcpv4u73j6ni4mxhbgh26i4qdhgi4w3xzq57q
verifiablethoughts.i2p,htam5mq6teacna7h74dtmuyp6tjuzjogkgac3mwcypbvzz2enwma
visibility.i2p,pwgma3snbsgkddxgb54mrxxkt3l4jzchrtp52vxmw7rbkjygylxq
vivalarevolucion.i2p,p3cvte4ggxzdomm5habok2ib3joowdqlphzx3y6tixylocqr4lzq
volatile.i2p,q6rve733tvhgyys57jfw4fymqf3xsnza6dqailcdjcq7w4fa5m3a
walker.i2p,mv4vrczqpiq27qzzfdepefxhfkl7p45ep5nm4wvbh4i6cb5xhr4a
wanderer.i2p,zhzpf7bugq3rspkjw46yjqhufqrontrdudq4fas5i47zttrn6xwa
wiki.meeh.i2p,df47gapq2gftoy25cqoldvgp5v7c4aaz5x3exee6jdulun3tim3q
www.i2p2.i2p,rjxwbsw4zjhv4zsplma6jmf5nr24e4ymvvbycd3swgiinbvg7oga
www.imule.i2p,657xcllunctawyjtar5kgh3wpt6z4l7ba6mmam5rf7hev5w2lsvq
www.infoserver.i2p,fq7xhxkdcauhwn4loufcadiiy24zbei25elnup33a3gfrdzrtlyq
www.mud.i2p,rsp476ktqgewy6fadpotcxr7jf6shlu4zkbf5f2hvtvt3ye3hcxa
xmpp.hashshop.i2p,kidikkdex4yesfmh6cymtoycgxukftqu5kbtsi67lw3nqocndpra
xmpp.helpu.i2p,j6utejalk3mglymq3zaurbuxgpmiuoupr6px3lszy4mbreio7tfq
xmpp.undefined.i2p,i7ihpnio5keiakl6i55ub26lxnpdo6yoguzikbamwhuoewi7e4dq
xotc.i2p,gqgvzum3xdgtaahkjfw3layb33vjrucmw5btyhrppm463cz3c5oq
yobyrf.i2p,suomfhdrqoedznx3dsc2vxve34bqm6j4broc4e5prgeysx4vu43q
zerobin.i2p,3564erslxzaoucqasxsjerk4jz2xril7j2cbzd4p7flpb4ut67hq
znc.str4d.i2p,ufkajv3stxpxlwgwwb2ae6oixdjircnbwog77qxpxv7nt67rpcxq
zzz.i2p,ukeu3k5oycgaauneqgtnvselmt4yemvoilkln7jpvamvfx7dnkdq
