0xff.i2p,apo53zid3xe7rewxjw7whdym2rmyowsj7jeoiwrl5zlmf7oqrxwq
0xpaste.i2p,oyfcxkrmrnaplu24aobv7s36hm3vyxszlbees4hl6kpk6izwa5da
102chan-memorial.i2p,t6uwxydnfd7mo2knxklmnrudxafe4mw5ojiqikj7xfrc4ynltz3q
111.i2p,s5ekktro7kk24gu67dgwi5xnhzhzjx6abujk44q4v56mmdnrv4lq
333.i2p,ctvfe2fimcsdfxmzmd42brnbf7ceenwrbroyjx3wzah5eudjyyza
4rum.i2p,ys54v3jkze77peoyzhbck5rswaaeu4j3wd4cueli5brcbws3plrq
CrustyIRC.i2p,4ygmttynho5k32vfm64urriqx2vj3s6hkm52jwv2vlwrynu4z6iq
aaoth.i2p,aaoth5tidbhizgerysxlfrqmg5t7jzb76zt6lattwjj3up524qwa
abdlandrubbernetwork.i2p,asnpognglrcx34l5vywatfkoaashziedfylun4w6cf5wue5gujca
acetone.i2p,tzwfy3dnqtm4wuofmcp3gcb5qjcytri635ei7kw7yrl6n3ul5n2a
agentoocat.i2p,voanmdeayaccgaxumtehvxxiv4sdscsixoxsqmhh7nfwhusrvfaa
alexi.i2p,ijbams5zzi2y2owbrm6cairjemsooh6ebsw4j3kblzntg4elfqaq
alphabay.i2p,tnaefzkcnhryeusi7hdpqujqiqmnbtah3dmjcg3gvezohunjuxbq
amogus.i2p,udcjqqoo7mc54ephxnhzaxdwtqxsgxjzvh4wr4boope6vyr4mrhq
animal.i2p,5iedafy32swqq4t2wcmjb4fvg3onscng7ct7wb237jkvrclaftla
anongw.i2p,owrnciwubb3f3dctvlmnaknb6tjdxtlzvv7klocb45mmhievdjhq
apophis.i2p,aybax36xssplylkueyy3szi3n2spd7mgxcmzbawapg3vxznwlkda
aqua.i2p,xqwrqfuoae43grkmzs63sw5upathbjerid3ch4bhskle3bibeqba
arav.i2p,t42fkp6zp5dfqywantq3zp427ig3q2onrmfv246tyaztpg4ckb5a
archaicbinarybbs.i2p,t7o2tw36cffedgfr6kahewpkrntofnliuapji2e4rucl3os55epa
archiv.tutorials.i2p,lldr2miowq6353fxy44pnxfk37d6yn2f6kaivzecbmvvnnf5exyq
archlinux.i2p,5ms4k3cn5dx53b46hqgwogigsjhtinuf4g6fdr6pplkldi5vjcxa
arstechnica.i2p,rrlara3vp6vpkzbxy6xpdl2pbisig2xfcenctgxka4s6qsioyvpa
ase64-image.i2p,keppeaoopqg5dyjwwtidwgqbt2vxgb5nwvd5yrusptt5y25pib3q
autonomousdeflector.i2p,uq5hbw7bplczde3pbugbxnvtqbjjdba6wfggpvbmaghuwoulputq
azathabar.i2p,v35rwae5zb6fcgd7phzkireghtuen43umi7l5yvahm7ezkqg5uwq
b0nk.i2p,hxkzqqo4smyspzx7qv2wqqnbxod3ytabpat2ea5ilh7byvymdz2a
bandura-yacy.i2p,e4t4yer7o6dbttk4xmpsfd56vhuse5upksgjqejnrvrdz35ia2qq
bandura.i2p,n6eqyu6glmtgt544ys43ggrozhpiw7biyrelrvmkmg7llfcjwm4a
base64-image.i2p,keppeaoopqg5dyjwwtidwgqbt2vxgb5nwvd5yrusptt5y25pib3q
bellingcat.i2p,nk6hd2mzzoieui22xzcdiz7i2irp7gel3qscwanuqzstkdxqxp3a
bentasker.i2p,gdncgijky3xvocpkq6xqk5uda4vsnvzuk7ke7jrvxnvyjwkq35iq
bible4u.i2p,xs6lr2g5jiaajtb3nkno2zmy34eipitrggooxb7wtey7uko7bqmq
bigbrother.i2p,tnxiifs6uticzyg6ac4lhv2l5luwi6xra7yngocro56ive5e4jsq
bitchan.i2p,waycuw2c27ruakfblkf5tcegwmt3ot445dlfoypil6bzmm4yxg7a
bizcochito.i2p,nlohuquv5gaqnhfdeano77ftswnfg674jet5qeualztoxtmsceka
blawg.i2p,uq5hbw7bplczde3pbugbxnvtqbjjdba6wfggpvbmaghuwoulputq
bloat.ryona.i2p,q256toxhs7m3ntmu4sq5l7levm6vr67f3rmqytiqpprgflhn42qa
blog.raccoondad.i2p,ouc5i7xknchig3qdtkoydoeg2oqe354roxkjrrwzuzjcqr4xpvna
blog.tinlans.i2p,ylkch2nkrwehakx4z6wiyjbeqwlgasknukdkex6r6yq4xusrjnda
blog.torproject.i2p,woelslt2oh4dn5wlxfmpjggyyu6l7ntgk3rngrooldn57x4kduma
boerse.i2p,7633w56hd53sesr6b532r5qlbdnvyl5bnvama6ign6xryaxol4rq
bofh.i2p,auvuinzogu6gc4pwsgbjijuszxgcjygciu2wy53pfz7mo5nfpc5a
bonobonet.acetone.i2p,keihicq2fcfooqvdqtufjpigg3ge5mw5mjdpdnxy5utazrqkcnxa
bote.i2p,bhjhc3lsdqzoyhxwzyrd63kvyg4br6n2337d74blyintae66mr2a
braindead.i2p,braindsku6jnpmnaats2cu2qzax4pga6dwhx436kxanpxgx2pcyq
bridges.torproject.i2p,2tiwhibsjvys63t43xncar6y52dy3dpct6edglenhzlalmyirb2a
bublik.i2p,npx6e6trk37ovoxzk3j3yoh5huenh24avbmsgeroiejkuzb2vo6q
bugfuzz.i2p,ubszn4gsf22vga67rvzzlg4qj2bfcq6o52fmxz46xruawqm6z7rq
bunkerfiles.i2p,lyrhscn2hfe6mjn7jo3titioitfzcy7x23hhkksydin6ildsgxiq
bunkerirc.i2p,mdt7h4zsbwafsikg3r4iiqh5wriaisznjj5d3f3lyeahipudsxoq
bunkertreffinfo.i2p,ow4q3pdfdwofiqb4btopg5ou734w32k3z4hoiinsezg5zkzdlq6a
ca.i2pd.i2p,u5safmawcxj5vlrdtqrsqbsndkr5cfenpicgg5euu4xqm73yicba
cake.i2p,hpdbe6o6qqqqvgygbcznssat46kybsm7rcauofqaoly4ajdi2jeq
calculator.i2p,itj23yb325dma24i4qpnhuwrz26hzpps6izkaf3mowavtvoznnva
cantonese.i2p,3r3d43jejiezwb6daqgtk23ccs4jm3bvkhxwwwnpymvjn2aymriq
carvet.i2p,r5ukmkit6n3ztitar6clfc6te3o3235ys4jdbiugnkvzmfurxbnq
cbs.i2p,u3lp7wazvq6opodzwjg5sc5w5kwxehmxd4wcdpt4s4j2k4dx4apq
chaox.i2p,6bcqgkedaq2krrhvidjlmdsoltmzuwaqtrafycfzbc56h5swumoq
cheapeth.i2p,x6pq4h33wu6txj6vvpgywrgew2y6cwzs5l63w726paqsvogeqdra
chmok.i2p,w7eqh6nndwk4yr5vxtbnvizgsg776vamwingijetnnqojrzjxm3q
chpok.i2p,chpoks4kkac3s274t5hhuz7umvy5nvedfxkhojkysckulrnsyccq
ci.idk.i2p,antkos5hjxraxduyewoo4qwwr6vyceiggd562nctvmtpnfjsuqlq
cipherlist.i2p,gbm4kiotqjqmklwsp3qibdtn7mhatjsyeebbb5zxwjlp6w22fuga
citrus.i2p,citrusogkieyk3hleilk5scb5a64jdzoogi5wjv35klrvmqsh5ma
cloaca.i2p,pnsyl5plmmwuqfvpg36cbvvhe6mpoy2j5zzemfb5sfbpvklyozta
closedgl.i2p,5q5kqrnb2mji5lzfjj2wwdrpp4veg72jw53i3tvxb4qb5umawvha
cobalt.idk.i2p,m63cbwomq4e4q6df3n6idnuveqa4yastxnls6kacseuutrp5um4q
coffeejazz.i2p,mrt55kugqimzxeittpwwjwznejs3b3zxcfht3hp6dlujetyqh5ua
coldhell.i2p,z2kerfik5dzqd2kj74cuhhtptkrizsblc5nm6ke2gcnj5mnwgwja
community.i2p,64luakopnvffchxnibn3d2p7uqxixtyuallfqfgifkkcmfcrczxa
community.torproject.i2p,wmw22z5c24b35hlepzc2g6k3cpcg44rcg46qdwfo5heiplv7m4ca
contact.i2p,rn5hqxierph4eegft3hiiqkgn2zyyfgj2c6pq75bkahl3pu5shvq
costeira.i2p,abhty5xlmnyab2kqdxcd56352kcescxoux3p6dbqdrghggyygnxa
cssportal.i2p,lrcgr42clubpbmahmwgigan6v775xe6mew2xfjbl67v5zn6roxxq
cyberchef.i2p,5k22kdukxkobertlyheal5aro32gls6nhgktneq3mtrracubt2bq
cyberia.i2p,3jrfzgnetbjwnyrua5jpyeqk7gb6dgfw3hu5q6lyggnwqhrury5q
darkboxmush.i2p,2ukjz3iflrzr5ew36n3l6kos2widifff2oovgj7iybur6zgczspa
darknetbible.i2p,lcaocuhvocje2gociyyuiip5sxhbgmkvaicbm6g6axtflf5wc6pa
darknetdaily.i2p,gehxh3zlns3ezyuc35bszc42hdr4g5uzasexzyrqfxwcwkeiulia
darknethub.i2p,tnh5bp4si7x47vhwk6njtimbbk77gai3abkfh2gz2dhml46uu3uq
darkrealm.i2p,gbh4eerxdsph7etxsxznfhvmuiz54trlkenakqep343u4xcoekzq
darktech.i2p,nlkpudgmmgsdiemnbehq5llymdmxp6tn4rzjuse7nhvavr2kgkga
dashninja.i2p,dzjzoefy7fx57h5xkdknikvfv3ckbxu2bx5wryn6taud343g2jma
datagrip.i2p,ajreyxslv6lijap2hykp3uvnnsca6fyvax76u2w6n3vexngkif4a
dcherukhin.i2p,qa4boq364ndjdgow4kadycr5vvch7hofzblcqangh3nobzvyew7a
ddosecrets.i2p,vyhw7t7fbj7nghx3oe4y5komczeb5egnhuvlslpkqupaymnhtlka
deadendshrine.i2p,2a55el42cobuxtls7iv6eoimejocybdekwnnaefcn4u2f5eydela
deavmi.i2p,fh5r3hlkkwh7udtjeqmekmq4qd62jnjqmnqob5hm3ndiuo6lauza
denshi.i2p,6iyjp36q6lvbodfpzekpcgz2tu23jlqgwb5zx3s7tumq5hr7ueia
det.i2p,y6d4fs3rpqrctuv77ltfajf5m4tl4kzcu7rtwhxgiohylfxxow4q
diasporg.i2p,edvccoobtjukjgw2os5eetywanbb2mpag5aknkrpia5qx2koksua
dickinass.i2p,5x55ucmwxf2fvrcboapylnrcwdvunlokq5c7mnofno3bkrlqltza
digitalsr.i2p,ldavoapfhoqpxvihdsdjjo3phlt5ujkgkzigzbesab3g42rwvbpq
discuss.i2p,wrnowoalzz5mquzaygmcrm4feuqco5gsxyn42fizbqjaprtdx5gq
dist.torproject.i2p,pbhgoronppg7tq3dssnwmhzkbrscbvtmy3d5pmar5hyhnqwjj46q
diva.i2p,auoqibfnyujhcht4v3nzahpqztwlyomesfywltuls5bqqi3nd3ka
dlms.i2p,krsbxsaw3lnb6ctdpydygm2gqobjcpm4pf367ddo5hylbscnynmq
dnl.i2p,4pjdhyaot4kktjathgjmom4ykfccezyezasbtvgdtmar2b76cpqa
dns.acetone.i2p,dnsgzxkak4zlrrs5tfh42ob57iley4xrp7srrltn2j2yl2ynbiaq
donate.torproject.i2p,crxdz4n5viyy46upbd4amlzxcinkea7hwj3mkiudrw3nkpnfv42q
donotafraid.i2p,w6jq5xsixmolxvh5xtxaqolary2nmx5n4orc5bilc2j7ejcytgfa
drommedaris.i2p,2cth2loujyjvouft5z7cr2ajdv7r46tdxxew5xoqwpprucd7nf2a
e-reading.i2p,z54dnry6rxtmzcg7e6y3qtsig5yf5fmehuvakcg5wnuahx3iafuq
e8.i2p,5spb6cl4ffallahbaj2yadag2zgyuciouhz2rdcnyjcf5phqcu4a
eanlib.i2p,dh4ae6vbrlk2nfdwcbsjbqkvh3dnrdcdfzmsxoddaefvatkw5q5a
easygpg2.i2p,bwxry5alzx5ihgrd3glah4eotddblzhalvpheppnw4zcajzqoora
ebooks.i2p,bvpy6xf6ivyws6mshhqmdmr36pruh2hvoceznzeag52mpu647nzq
ebuild.agentoocat.i2p,lu56romn7lp6ggjtofbwwsaee6kcfonci2ezi5jb5nyo3vdo7vkq
eddysblog.i2p,ieac3ub4g5sy3wuhsbqfembnpp7f3a37xgcx537ytzsmgfzexnbq
eleven.i2p,n2er74vsv7szwvsbsukd2lwhz5epedws7eqwahsmxy65agvjizzq
elvn.i2p,vwjtedtgyokakyxgfeoavg535bxe7ymdvfbdwsq4iqngljqtqi3a
erotic-snake-gallery.i2p,wzgk77ifxl7kpgqxs4p2t6ujjyfpdvgjlqz3q3n4wfkdljfv3dya
esperanto.i2p,2yryi2eb72hnxavjpfot7paiminbzgv5w6fv4sl5wez55ventdeq
exit.stormycloud.i2p,5d4s7pcvfdpftfk7npc7hllyujhufsdprtrf4o53i44rgsa2xbwa
explorer.gostcoin.i2p,ktoacmumifddtqdw6ewns3szxths2hq2fat2o7xnwq4y3auga3za
fabrice.i2p,fabricexhumxqngfziy4xkao5m5ez27jpih4chtmigg46eu7rroa
false.i2p,77mpz4z6s4eenjexleclqb36uxvqjtztqikjfqa4sovojh6gwwha
fantasy-worlds.i2p,62a4xcyyhvfrcq2bkckb7ia37fmrssrgx467tlkxp32fjpq577wq
fido.r4sas.i2p,i522xmu63hfbaw2k54cthffcoqmeao6urjyq3jg4hddf6wf57p3q
files.arav.i2p,gajftpr47ze6ao7e3q2tb5xmcqneyaczu4edzvwwg2qzmnernpka
fileshare.linuxfarm.i2p,rrx4hxejr4pod3tqrkj5ckzuauwy2aqsfvpiac2tkebp2iuv5qla
fishsticks.i2p,btjbfuh2wav3c7bkjqylgatbkvqaireemvsvxwetkrifuvfa35da
flibusta.i2p,zmw2cyw2vj7f6obx3msmdvdepdhnw2ctc4okza2zjxlukkdfckhq
forbiddenhistory.i2p,nlduiogwtutni5nwf5kbuekrqf3ymqmkor3hughjkckz7tvruhva
foto18+common.i2p,bwe4hnzsvnx73aye36hymhhqzi2dbbrgf4rbtqh2e2x3q3r67nfq
fourth.i2p,2cq65hjlt7nnl7mctthj7oejlgep7nh7gmqc6bnbflxw2ti4bxxa
freefallheavens.i2p,7etudb75nhe6vxslitptjlwrnbybdshvzxnweuiepsxbbkkxy5ka
freehaven.i2p,y4giqqrbcb4xit5gp4y6njypupfklfdr74lfi424seenf7usjvza
freifunkmobi.bandura.i2p,5shuxvx52e3qszylwn4w7qst4siap3latyap3ff7nfnpjgllkcea
frontlinedefenders.i2p,pshxfoeefj67oj4jwjh3cqiztmrgcpsbuttclnc6fiwvv42p6inq
fs.i2p,ah4r4vzunzfa67atljlbrdgtg3zak5esh7ablpm6xno6fhqij35q
fuck-rkn.i2p,qmlmnhr3ul2lmuu4fjf43kmk6hf3dzsuxv5xu77vwys36xwuu4sa
galacticreststop.i2p,uln6c2abwfzneakdz7dkfmdifwrjr3r53jvkmq6mxrjt2vflvbrq
gedanken.i2p,kw6isjbs66uf7576fbb3aniokxtrpqmbegf4tf3xskg2bmrjci7a
geekcode.i2p,hzmyzxa6jzag67zcqxhicydusdev77byf2qoyxjxhsrtkce4qiqa
gfap.i2p,yasbny2ndcpofprdbtv7dxdtshbebyydjv5zlnwy54gii6xnlmqa
ginnegappen.i2p,kbhfkzx5jeqhfgss4xixnf4cb3jpuo432l3hxc32feelcmnr3yja
git-srv.b0nk.i2p,6mopdcovd7urmuxo35wopbgsfpv6ifpu7kq2625lyi5hfv5re6ua
git.agentoocat.i2p,5ihrbnmcoewaax5kxsghnmxh6p6srufhmo5pqkybdwuz4yj7efja
git.apophis.i2p,apep7dtwnuom6b7li6jirhrsygxgcdqb5svqpq6mh2rpindrzp2a
git.arav.i2p,p5nkflgogwv4esy3ainup6mgurpugmdyufizhuufauznreyvprsa
git.b0nk.i2p,7uupnvxwwkxo3au2fdt7ky66pk2eklshggf7r6mox5oofzpmjata
git.community.i2p,giteabolfdejtdzblkooalqei6jr67imiugmhtsh6ocw4hlj5a4q
git.deavmi.i2p,5jtgpuzaabxyhahvbmokb3oeh2lwzpiiqlrg3w7kyyg63lzkwabq
git.i2p,giteayof3hpwkfnwnryy6l4qhq3cwdzqlr72jokzbkc6ol43mypa
git.i2pd.i2p,7p7piii66oika4bkrkxpkqf3tabx3n5e4lkaz3hreb5nrllefj3q
git.idk.i2p,7qeve4v2chmjdqlwpa3vl7aojf3nodbku7vepnjwrsxljzqipz6a
git.kill-9.i2p,jf2mrxlbqsct67fces34x6kwbbnmlx6o7gd6g4knqk36soa6efqq
git.qorg11.i2p,jf2mrxlbqsct67fces34x6kwbbnmlx6o7gd6g4knqk36soa6efqq
git.raccoondad.i2p,lvdeb4zna75pmrdf5lsc3b4wswwbfco5vzrs3344qspbxh6bfqgq
git.repo.i2p,vsd2vtgtuua2vwqsal2mpmxm2b2cpn3qzmqjoeumrrw2p4aot7uq
git.spyware.i2p,zin764g7gchdgxub4bskkztbkjlgibs27cl6pfvbqvjqx3prjgjq
git.varikvalefor.i2p,6sqxtpnpqqnlqbdxu7dadmorrffnpe3evbz5zye4y5kvljkzkbra
gitssh.idk.i2p,g6u4vqiuy6bdc3dbu6a7gmi3ip45sqwgtbgrr6uupqaaqfyztrka
gostcoin.i2p,4gzcllfxktrqzv3uys5k4vgkzbth4gqednwhfpt755yivm3davuq
grom.i2p,lvfp4bj3opl4fqrjycx6vryeapondluh2oubvb2plg4zcm4bkpza
gusion.i2p,4qyfdhizjixe2psu7wcvqufix5wlijocehpb2futurcmlhlktrta
h0p3.i2p,k5fppzxc3bwoz2mjc7q37jojbrxo6vtprac3dzrk4wapv7irr4iq
hackernews.i2p,zbfg6fntvx2ptmp2uzw2pmyfipeh4wophzmtxzlv6qs5bvplv3wq
hagen.i2p,e2t6rqd2ysbvs53t5nnaf7drllkgk6kfriq3lfuz6mip6xfg644q
harbour.i2p,zohxpycufzcslwb2dgdkfo75flahkl2q7n57ciqjooqia75ybada
hardenedbsd.i2p,6ebmdsir52bi3q4wfwug7ylouoq6gdafl3wyy6ccfmpffijhtoca
heaven.i2p,y6ejpmln3j2jvf4omb4ptyo2idognputhrccph74yn6eghkpxyhq
heyguys.i2p,lzxre37ekc6asrhnbg6hdnmib3thrkt6mqyln532tjy7nlltprca
hiddenbooru.i2p,zma5du344hy2ip5xcu6xmt4c7dgibnlv5jm4c2fre5nxv44sln3q
hiddenchan.i2p,6y4tltjdgqwfdcz6tqwc7dxhhuradop2vejatisu64nwjzh5tuwa
hiddenwiki.i2p,2iz3nkopz6fxbzlcjq3ofligi7mwdseuj4ndzqljogyvsggh6dvq
hightimes.i2p,kkhti6od2xo65f25hxjsmexplfqrztgmsaa6b47mxhygynt46szq
hisdarkmaterials.i2p,qcf3vxllflqfsbvxjlypfxsx36g5srknxnhpyz3ph5bcxdjawraq
hopjoy.i2p,3wifx34yzdnj5vw3zu3kmqyz57tvlypmdnnyalqjdcaqrege6bpa
hotline.i2p,6cczi27iuxkm3aivazaemzltdqgh42ljzurqp43uclbz2lid2uqq
hp-net.bandura.i2p,z2ufexrgrxry37y4vs5hted35ygpleskfcs2enanl53hmlpzlqhq
hq.postman.i2p,7ewjvbcwgah57n64cwbsxqai7eutqofkesuxfsuhfheijivdjqra
htmlcolors.i2p,674zs7tghldg6kagvparow7xkkwa3gaizmug3hgwurekz6wpqtia
http-false.telegram.i2p,77mpz4z6s4eenjexleclqb36uxvqjtztqikjfqa4sovojh6gwwha
hub.i2p,pbm6jogo2u2rflvzishwgqkxo6lkjsdfesd3r4k6sf4gdewc4lha
hungryewok.i2p,to3afquvmrmk4kvozisb562elb2hdka6hwk6oeud32m6h2qtkcqa
hypestat.i2p,t6r6fsquaze4yo2mfmzyecbq5xe6y723lwdow2n55gd35cjrzrgq
i2p-mirror.bandura.i2p,aq7r54ebou47b533y5seiod7dc3aeycucevl2pqvphnjhjwblr6q
i2p-projekt.i2p,udhdrtrcetjm5sxzskjyr5ztpeszydbh4dpl3pl4utgqqw2v4jna
i2pd.i2p,4bpcp4fmvyr46vb4kqjvtxlst6puz4r3dld24umooiy5mesxzspa
i2pdocs.str4d.i2p,yfvbtrhjac3jutdsqzugog6mbz3jtyhpwovrt2mqc5mzv534y7cq
i2peek-a-boo.i2p,qgv64klyy4tgk4ranaznet5sjgi7ccsrawtjx3j5tvekvvfl67aa
i2pforum.i2p,tmipbl5d7ctnz3cib4yd2yivlrssrtpmuuzyqdpqkelzmnqllhda
i2pjump.i2p,2mwcgdjvfvd3xwumzqzqntual3l57h3zo7lwdmkjboeraudpkyka
i2pmetrics.i2p,v65p4czypwxrn35zlrfkar2w77vr42acd7gbszegsrqq4u7sip5a
i2pnews.i2p,tc73n4kivdroccekirco7rhgxdg5f3cjvbaapabupeyzrqwv5guq
i2podisy.i2p,3c2jzypzjpxuq2ncr3wn3swn5d4isxlulqgccb6oq5f6zylcrvcq
i2pseed.bandura.i2p,2bpbnalf76ktxzhfekkwcklmo45xzedi5em5bdoyedrhw5bhvtia
i2psurvey.i2p,pemwrlamhiiv74ok4kwoo4eqwzzjshp4q7ir3nlh4jfnt4zjncia
i2ptimes.i2p,563tjwihw2ql5q2kl7d7md7ywedpapoqgkxgazkz4gmlrb2flqbq
i2pwiki.bandura.i2p,isbf7tzeyrutnd5rvmjpqaohe7cz6onqgci2wvbuyfwc62w74r3q
i2search.i2p,cpgupqyhxamjfgdd3qk5ux673qomu3o5kqszvq6fwuigzifkxzta
ibft.i2p,ds36spqcf7dnj46in5vfnbbwcbjpslo6aafkdrkc47a2oq3zvtta
icfteam.i2p,auvuinzogu6gc4pwsgbjijuszxgcjygciu2wy53pfz7mo5nfpc5a
identiguy.i2p,3mzmrus2oron5fxptw7hw2puho3bnqmw2hqy7nw64dsrrjwdilva
idk.i2p,b2o47zwxqjbn7jj37yqkmvbmci7kqubwgxu3umqid7cexmc7xudq
ilcosmista.i2p,6u2rfuq3cyeb7ytjzjxgbfa73ipzpzen5wx3tihyast2f2oeo24q
ilita.i2p,isxls447iuumsb35pq5r3di6xrxr2igugvshqwhi5hj5gvhwvqba
infocon.i2p,ic7rentjh6ilzz6p5kveiuyzov534ksfcexmpeniyallzf5in67a
infoserver.i2p,jd3agbakybnhfvkeoxrx7t33iln6suzomv3kxkxf77j7rkonch6q
infox.i2p,qoz4bwrtnicqyxemrxubdc65uojrqn2iem6v55b6xmxzdmfzcvlq
inr.i2p,joajgazyztfssty4w2on5oaqksz6tqoxbduy553y34mf4byv6gpq
insecurities.i2p,4uggkxbumfoufekfu7scfx4vkqfoqslv4fsog7kgwjcat2yqzb2q
intodns.i2p,4u6zxnqq4vxdtcxpogevmomrbny6taropyv4q25anflm47esiy6q
irc.acetone.i2p,qyzbrdw26ejjdjzsrcmq5h3ggdzk6cq5xynrgee5t5q73gq545yq
irc.coldhell.i2p,d4b3dcqt32yq55b6ct6f4rsib5svzgwkfz4klfczuz7e4p2v6rkq
irc.crustyirc.i2p,4ygmttynho5k32vfm64urriqx2vj3s6hkm52jwv2vlwrynu4z6iq
irc.echelon.i2p,ez2czsvej5p3z5bquue5q3thujcodfze7ptybctqhnqc7hms5uzq
irc.ilita.i2p,5xeoyfvtddmo5k3kxzv7b3d5risil6333ntqrr3yvx3yubz5tk3a
irc.nerds.i2p,nlqhsdd5a7hanjea33mwizg5ixh3xcv5dczufpf3qcfpo6tx4esa
irc.postman.i2p,hhcy7zznltay2tzwdvtd37g2inptemz3hk5zmxyi57d3sxgxbseq
irc.r4sas.i2p,hodhusp73gltozgrnianlbploon3rrvhrzfn5mf2g46o7aaau5la
irc.rpi.i2p,ppqu4shst5hfjn6jgxyragcanyxurhmof7jdrxag5srpeobevh5q
irc.shaderfence.i2p,noia2id7cyvnnoaiw7t4coa4dbuvlo4fr4z3ho62eozhlfnh4lna
ircs.nerds.i2p,w4d6hj3q7eyfrkb3kcy7rox2fdjzywypvmyrudtf2q4gdzs2qlhq
isitup.i2p,xk6ypey2az23vtdkitjxvanlshztmjs2ekd6sp77m4obszf6ocfq
itphx.i2p,zwu2erk3wtyxlcbmd73kmxcirjghdkk4lpupy3xcavpm3qbob4da
ivorytower.i2p,fpwrfvidfexsz7dspofkwtkmmizm7lyralfz5kvykffk7gubvxsq
j6.i2p,heh6666m6vl4oj4kyirz3ghg2pnlycpiluvdms7pdxns6gbpolza
javadoc.skank.i2p,us3amyq3emvm6rcxmrar3o3uoiifnafijgseho4dxdsjgonfyaxq
javascript.i2p,idxpwvskkaq3pssrnqpxmiilgeqwf7d2hf5xpusossqz6r2nudva
jbo.varikvalefor.i2p,3flbkdhahkgq47s7vytubh3v4vk3lyqgwwh6dd2k5szqlrivdmta
jimkiebs.i2p,epqxjestvatyv2ala7iqbm45elnecqecz2zmpoklzvekwjapu45q
k1773r.i2p,zam7u6vslhemddz347uusuzjdk5wma4h5hcmcqlng4ybbpdbjhnq
karamba.i2p,g2lizyuyzms7m6gv24pzege5zapbinxfd2dzbaha6k246pl2xu3q
kelvinchan.i2p,6s72dyf6jwlvk2u455lksvcs5r7deafc3iniwo5kp4ssm777noma
keys.dlms.i2p,znl2swe5pez65qxrr2s2s4lmdfky6mnppvh3p5j6suuiovymhjtq
kibykarni.i2p,xowcvzbeq72slpbrwmjl3zy6xkrkb2ncctpkkskeqts63vedtg7a
kill-9.i2p,3i3bbs2zfabyleqxcqueeegakutrtk3hbxmvbtkrgwvetlmity4q
kislitsa.i2p,khceo3smaxtng2tnuicmcbhdnkk2j6myi4nkigcux76qh3aabdhq
kkk.i2p,kukluxklanib666d73z5fyeyb6vnystmvvreaodhjf73rhl4wxva
knijka.i2p,knjkodsakcxihwk5w5new76hibywia5zqcgoqgjttzsausnd22oa
kohlchan.i2p,kohlchanvn6vtsujobyw4pt5naaszmxqutd5hsdatmxfe2qaqhya
korol4ik.i2p,mr3z5lggdppc3yw2r2egstpg33ga2wfocmozac6kjmhhfk3asm2q
krebsonsecurity.i2p,xqglpgrpbdqeirurobtqel3xqt3p277iiadpz256bzxmtlbyq6ea
kuchka.i2p,nzmvfaztssds5yaatmmnk2jdghfxizvr6lctmljvxqehnwsfsubq
kycklingar.i2p,gctswdhp4447yibxfbqg3uq2bvx63qjeqnaoaux75zw73leakyva
lbt.i2p,5uhjsgyca6ggdvwjjwf67bcmalpbxitopupjpygtahxvkwlh5mzq
ledechaine.i2p,7s4vtwkvxvmigj3r4zrc7s5ajdeqtris4qnj3n35cuuvuzkpgqsq
legalcases.i2p,tms2ibdkp67ddj5ez6l4zwvw33jdpz5tmavv3kpjdcpavfh7np4q
legwork.i2p,cuss2sgthm5wfipnnztrjdvtaczb22hnmr2ohnaqqqz3jf6ubf3a
lenczewski.i2p,7uypwo47x4vnryoz25vwisu5jpyhz7pcdvnfzvopww3wxc7wiiia
letsdecentralize.i2p,mqtlargpv4247iylywxw6ibi6qpz6my5duqm33c4lcdhjg5yfh7q
libreddit.i2p,libr7vbp7i3lsvqwy5aqgql44uxaufawi5yrloh3x7sezubsoaba
limak.i2p,jzoxeuuqt6wo55pvt4uh7o5i47oyadrvhyjli4hidqldhihu6lna
linuxfarm.i2p,br3njhezhzx7mcv25nrxkrwu5g553xp4oyavsjhfa7jwmzyp3q5q
lkml.i2p,xnytorawa5vfykram2qnqks5zaef7s4ckvaayvq4ksih46mq3luq
lnxcloud.i2p,wryxsgqp3xl7fuohijmxlugrndtp2vixqlt2obpgriwt3fpdjn6q
lockdown.bnet.i2p,vgbvuawi5y7rh32xxjlqcmsoh6quigdvypqneoidiy7y7x7r2umq
lockdown.i2p,vgbvuawi5y7rh32xxjlqcmsoh6quigdvypqneoidiy7y7x7r2umq
lodikon.i2p,u3f67staiwhqxpacya3clmvurdwd2kp7qcthzhstqnhrmlwc2g4a
lolicat.i2p,2mvlbpgzlawdxqv3zlcgcje475kv35ow2itpztjpdqegbtjpvbda
lolicatgirls.i2p,pjhlh4h7zn3slglx46ffob5ifcccrcqr5dzbyyueh3wd6a6bizra
longseason.i2p,ighnngssgd6p4kyrec6m556rasvbtx5xe7bsyxol4lie2dibi4da
lucas.i2p,hcb6j5indzeqfyerq4igx45xgruijbs433mh22ye4osoxkxhumwq
lunach.i2p,m27cpx55hqhcfjz4u62tiynjtzqdw4s3kanxdgluuthnndiquoeq
madaidans-insecurities.i2p,4uggkxbumfoufekfu7scfx4vkqfoqslv4fsog7kgwjcat2yqzb2q
mail.i2p,mail4okikc3tknhn2tfyqzq7mxgzltqg2tw5v5frtzkcsm45zdra
major.acetone.i2p,majorivqe4wud5ksadgfycdkgqsesqbbnw4hpgcqfixy4sm77f4q
major.i2p,majorwsiehucyqfqbw3g2on3xqq2pwrwdd6hhyludqqr6ct7xdoa
mapwiki.i2p,p2lufcvbzq3smirs7ijwds3y34cxzchveogb4jflbpmk5pzy3wqa
marenostrum.i2p,tlrae2xdtewfb262daw6ygm5nz5vusc7rbiefpndubjk4jvh5roq
masflam.i2p,ucvzbekxpbzfizwndx4bgsj5bjbygdu4vc3xukiseiw5bvatxivq
matrix.i2p,pbm6jogo2u2rflvzishwgqkxo6lkjsdfesd3r4k6sf4gdewc4lha
mattermost.i2p,x5oovnhnuli5fnwtgkbd5z5jvrvdvprqyuofywx6uoxkk4bie6ya
mayvaneday.i2p,zli2qsg54w7y42vgw4xxlnj4nktcpg7xp33yjxkp33sjafvznbwa
maza.i2p,wiigkmy5je5ox4byjt7z7fh4btojbixbmfv4chnzqoovmgnvdpoa
mdleom.i2p,ggucqf2jmtfxcw7us5sts3x7u2qljseocfzlhzebfpihkyvhcqfa
mdn.i2p,u6i4kmhypgs4ccd4hae3rstcayvwl45wufeglwvcmha7jqqdtfna
meeh.i2p,4oes3rlgrpbkmzv4lqcfili23h3cvpwslqcfjlk6vvguxyggspwa
metacritic.i2p,n6tja4pkj7nrybakfqji6mvqshcvsufbzvwvp4iqrgspud3aodiq
metager.i2p,4zdcetlcp3tdg5h23gd3aeyzbvodepid7a6mb3w4qvxkdnm2by6q
metrics.i2p,z45ieamhex2ihqv7oowk5fz4qq47rbvxhhhbaaiinpajbhuevtpq
mhatta.i2p,o4rsxdeepfrnncsnjq675xogp5v5qkbfgbt6ooqeyfvlifobrjxq
minecraft.reloaded.i2p,qs5ihihltxhhfi6wesihgbvoaurqxgdpxgmwnmsk5d5beabtvmvq
minecraftlog.i2p,vu2v5xnfk4ivrcmjx4fvofzts7fj47jcq23zfpg6ajj6p3ytt3hq
mk16de.bandura.i2p,rrllz7nkoeaydqzc5tqdexbfpkvensi26nqg3ly3cxrm5qt6m5sq
moneroauth.i2p,kt6uh4z24tendrol5zbm4wv4apq4nbv4w7k5vcguvbpg3alrqyxa
moneroexplorer.i2p,je4vbduigce7pgjivvo26d4abn3u5mfsos5zemp3a75xzcv7nm4q
monerujo.i2p,puri6y5dtwh6zr4u77ep6ozatun6iz7v4wai2dzxppz7654corlq
mooks.i2p,6txhjmnxnrjku4cmdwtyacjzhwythc7l5euqaxieyrc4vjotqwzq
mosfet.i2p,s5ynkgagndmpxpf2kmnenv4x72io664gzd2x3qef54ilammnte3q
mozdev.i2p,u6i4kmhypgs4ccd4hae3rstcayvwl45wufeglwvcmha7jqqdtfna
mtn.i2p-projekt.i2p,f52x5fp6uhq53f5zle5d6rq5un34xgmxgazvilvmzcby37xcmsfa
mtproxy.ilita.i2p,vxxfipsygx6jpz57pmb3d3mjgsk5ls2idxeo2bffs3yp62muyq7q
mumble.acetone.i2p,plpu63ftpi5wdr42ew7thndoyaclrjqmcmngu2az4tahfqtfjoxa
muwire.i2p,c3r6by4k4kzbx7yvq36u5rieuymshuq2pebo3dzs6oovpzn52uoa
nekit.i2p,axis6zcqacv7le2ms5xqaerecuk3jyrijifrstvxl3or5g5n4ova
nekofiles.i2p,rutorktnoonk3t4sxmv6g5rj6mzsilfwxcplvfybemssjrva663q
nerds.i2p,5wpwlbka4wj74rrnwbieopppgtivbqxljznl3bs542mxtvjz7ffq
netbsd.i2p,jjz5ajknu5rku4p6xb6i5xwjnp3nd6c3jwi2qnzbpaodyf7g2lja
news-i2pn.i2p,wwcqkwfo5yhe6uribv5tzylk25j5hkdk6gdnyftzd3k7dawlzwca
newsnow.i2p,ee2w4j3tpn4t6gutk55tc4hajc65f63kc7m7dscalsma6wbmweia
nexus.i2p,6uz2ihv4avlfhui5eyrisw7yx2t5mclxyl6blwjgw7zc5q4j3isa
nitter.skank.i2p,l2aoqvwkq2prrv53cbk4k2ilxw5s2fc7eo2rjunnixp2hrv3iwda
nntp.txtcon.i2p,nntpsqgdoky2fuctc2hc6vuls2b4okxpkocic2eo66uup3dtaq7q
norml.i2p,rbnyo7zao6rkibzqr5uqy2iloismxzpqlgcolhvlsutoai5okdnq
notbob.i2p,nytzrhrjjfsutowojvxi7hphesskpqqr65wpistz6wa7cpajhp7a
notochina.i2p,h3xsjhfyf4wah4sou3gepzibetdntrmiax3zl3x7ozyjv5krakaa
novabbs.i2p,bicoankyijabtj2nlwzjmr4mamybr6bgc6xclpvsgzaaalzhhola
nsa.i2p,nsetvbclpomqxfcit4mghn6z7vdhnza6jdzczby4crnto32uykga
nullchan.i2p,nullz2mkp7znirlcersxpk7qmkmgcc6u3yhe462p2qkpxsdb3mja
nvspc.i2p,anlncoi2fzbsadbujidqmtji7hshfw3nrkqvbgdleepbxx3d5xra
obmen.i2p,vodkv54jaetjw7q2t2iethc4cbi4gjdrmw2ovfmr43mcybt7ekxa
ol.i2p,bnb46culzbssz6aipcjkuytanflz6dtndyhmlaxn3pfiv6zqrohq
omitracker.i2p,a5ruhsktpdhfk5w46i6yf6oqovgdlyzty7ku6t5yrrpf4qedznjq
openbsd.i2p,ahwlj76krc5do77pibighi2frqmfccpezyiqfmiernvivwomgvuq
opentracker.dg2.i2p,w7tpbzncbcocrqtwwm3nezhnnsw4ozadvi2hmvzdhrqzfxfum7wa
opentracker.r4sas.i2p,punzipidirfqspstvzpj6gb4tkuykqp6quurj6e23bgxcxhdoe7q
opentracker.skank.i2p,by7luzwhx733fhc5ug2o75dcaunblq2ztlshzd7qvptaoa73nqua
outproxy-tor.meeh.i2p,77igjr2pbg73ox5ngqy5ohzvrnur3ezqcogtl4vpuqtrcl3irsqq
outproxy.bandura.i2p,smaie7bxvpy53iiabfxkhmsjtqs7vzjcr5xxsysjbbobunwrav2q
outproxy.purokishi.i2p,nieasaidj7wy5nammqf4f7zzcdafi4apygwn5qwscpn4pq34hqia
p2p-node.i2p,e7uvwnpkzbn5zdwr76ujlhym4lk5pfkqhvfwivt3mszx7l4lpj7q
packages.i2p,2gbnylztt42dgpjh5r5tmy6oxm5xag6qv4femnbbqbpza4l2l6ja
pagwin.i2p,qggplwxvsvctsdzgld2shfyjlokfoxur3pkfapygs26i4hwawfga
panzerradio.i2p,rawdhtmxzynf5mhrpyhnbjqqxswidr6gvvcbbt4hbpjuv5jebw7q
password.i2p,knmjkeabbhudejkikbzhhjqsb4r77o45vkdhve6d254quttfx3wa
paste.r4sas.i2p,csen43keji3qiw6uobsgzysxyjd225g6446ylq5uuz6ur2glkzaa
pharos.i2p,vathk2pyvaskeie63yyg4tshjkx5xt6zfvhwhgr3de67q46ob3sa
pharoz.i2p,vathk2pyvaskeie63yyg4tshjkx5xt6zfvhwhgr3de67q46ob3sa
photosarchive.bentasker.i2p,w4lnfcg2chbkwigogba7q3o5pgtq2baip7z3z4afaj65axhyc5ca
phreeroma.i2p,44fu2fhq6q36re2xqnkuievdfsroi5xchgbowkqib6ekak3ynm6q
pipe.viniciorl.i2p,waslgepj4zi7vzxaion467djzkrqwdhujkfzoaoxletrkkhdpqra
piradio.i2p,m2tsjo2sxabwimkeffsy2mlvtyebnzs6qndm5zpuw6mpwlja2ewa
pizda666.i2p,bczoowsc6ik7a4mya45qnlq5n6c6llpd5ni3u67r4r4drgohyira
pizdabol.i2p,5vik2232yfwyltuwzq7ht2yocla46q76ioacin2bfofgy63hz6wa
planet.i2p,pztcztaklof7s4me2vgtdddzesnunvk55zke6oz5e77ci3qk64yq
play-it.i2p,oxt7gdu663baue7lugdmgxqkmtrfdy2izluneqdrpv4pfslxjlta
pocketlint.i2p,pocketzsq4r4fef2bw57sn4paufjh5dw75azu5sr4hk2qwdvucsa
podger.i2p,56pcmc4rxmtzs6ojvszpiqmh47et3m6amh7kfszp4wbvz2jbpnya
polistern.i2p,ztqi2zewgtifrg4efs6eyxxi5www27ymley3aiz4obhulbnszlva
pomoyka.i2p,omt56v4jxa4hurbwk44vqbbcwn3eavuynyc24c25cy7grucjh24q
pool.gostcoin.i2p,m4f4k3eeaj7otbc254ccj7d5hivguqgnohwelkibr4ddk43qhywa
pop.postman.i2p,i7vd76psp3oyocljiqkoyz7fpr4fy2xq2asclf7qih6k57aj5xrq
porest.i2p,46l7beij4rerlbuj7xmcngarlkhlpgaztywrleiwagjuiipcebbq
pornography.i2p,ko7e4u7sw2miwi2q6oy643bad5ihmwedkjhcnwqoqh2xff6nrbwa
priv.i2p,m2t27aqw3ts4mb4vxgfhhgstqk4gzyb6ac5fdnezmsf2xbbtdiiq
privacy-handbuch.i2p,3cccw3cxxghkalgichofulid36ekwplv3stubvfot522mwxcnu5q
privatebin.i2p,e7qy5kc7ivqtnrbdn5ymx5nmbdedlrjkdchqmmkhud4ockrime5a
programmer.i2p,cm62ucwrvbxzznqhjtwwkma22kzxbxsfcs5w33eo7r2aartu4cdq
programthink.i2p,programygfltn24q6foacm5gbuo3z2geub2k2k366llx3bph4ula
project-future.i2p,ivqynpfwxzl746gxf376lxqvgktql2lqshzwnwjk2twut6xq7xta
proof-of-loss.i2p,ofhehzoj5p4khpkookxb63tmqvrmcxaapgb3v3nm7kd5wjgebs4a
prophetgram.i2p,cufuwm75gjpt3svl4wjmo6r4zjv6eqyjdpiuqfckgb5aqqdbgyvq
psv.i2p,pmzcuml2oi2ok2h5i6cepcyxxjrughzgliai6hzspdlyt2bucy7a
psy.i2p,s3elzoj3wo6v6wqu5ehd56vevpz2vrhhjc5m6mxoazicrl43y62q
psychonaut.i2p,laf5nvzn4wz7ndgtdysmhvebpyjo3fkth7i4z4c2kp7su3wi6e2a
psyco.i2p,eoilbrgyaiikxzdtmk2zeoalteupjrvcu3ui23p4wvfqo25bb73q
pubsub.i2p,kse52thhz4srsf2ibw7zj6ua27df5a2u5gnqgf5jxwvranbw6mpa
pull.git.repo.i2p,3so7htzxzz6h46qvjm3fbd735zl3lrblerlj2xxybhobublcv67q
purokishi.i2p,ia55kcrvskaitnxegirubvderl4vhva6bwkiducbkma4scy2rhca
purplechan.i2p,tyiwxpgs7syjvz3cha3uckaxgondtiktlsvriebyy4qmzgbaj3gq
push.git.repo.i2p,jef4g5vxnqybm4zpouum3lzbl6ti6456q57nbyj5kfyldkempm3a
pvsur.i2p,pvsurxi2hz2n45kfrj5b3ny6ko4ipj2u2piftjen44npkpnbwh6q
qorg11.i2p,ivusryc5mfrroomm6s5no4badevf7djzlgzlwarce33no2bsyi3q
quest.idk.i2p,k6stkvw3jr6of4j5g3pu34jowfpl4k4jiqih3yozhcvinkok56aa
r4sas.i2p,2gafixvoztrndawkmhfxamci5lgd3urwnilxqmlo6ittu552cndq
raccoondad.i2p,utoagugf3imr6mpjsithhnpvvvyehsnebisovn6kqn4vma6va3ca
radio.arav.i2p,plkybcgxt4cdanot75cy3pbnqlbqcsrib2fmrpsnug4bqphqvfda
radio.nerds.i2p,tpbfxyluryodtfxdpwsfvw7fl35p5ezrjk3tlcv2atlmc4fl2ctq
radio.r4sas.i2p,cv72xsje5ihg6e24atitmhyk2cbml6eggi6b6fjfh2vgw62gdpla
radioliberty.i2p,libertyx5gywnmn4snrr2fborvugmthl2x5vf3rh43v3744kmpwa
radioplayer.i2p,5tmr7qghx5eecoyvi77rsy7fqxeoyqcdpvg5wasoitn6ywkyobbq
raklet.i2p,j3vnnihngp3ti2trktoxlyblltjn6gxscbmasb5zun5pdndkxkoq
ramble.i2p,smv3cryi3n7d5ll7xpvlhstubi5yj4dadeltyrdwdr4onwd2jvvq
ransack.i2p,mqamk4cfykdvhw5kjez2gnvse56gmnqxn7vkvvbuor4k4j2lbbnq
realsite.i2p,ffacpzudiclaqh6fkck7ungeacfoafvijduhmwvnmp6e4jridhta
recipebook.bentasker.i2p,ajagzagm5uyc2oac32ycx42znnatejliqorbk3y66xt25guxnh2q
reg.i2p,shx5vqsw7usdaunyzr2qmes2fq37oumybpudrd4jjj4e4vk4uusa
reloaded.i2p,wxbh2yq5twqinsw3ztjogqovvdd6h6j5uxeg3lh53x4w7klzv3tq
repo.i2p,uxe3lqueuuyklel23sf5h25zwgqgjwsofrqchhnptd5y6pedzbxa
repo.i2pd.i2p,ymzx5zgt6qzdg6nhxnecdgbqjd34ery6mpqolnbyo5kcwxadnodq
repo.r4sas.i2p,ymzx5zgt6qzdg6nhxnecdgbqjd34ery6mpqolnbyo5kcwxadnodq
retrobbs.i2p,mnn77stihntxdoade3ca2vcf456w6vhhvdsfepdvq5qggikvprxq
retrobbs2.i2p,ejff7jtyaus37slkwgeqrrcmyhpj26carp7n27f5h6s5vlbeiy6q
rfocke.i2p,pphesm2icsbqi7uzsmxpgyy4kc22b3cdpb4uwplkkjmupexva7dq
ricycal.i2p,tfkz7rgqh6rwvlo2veftw4why2dej3gztiglzfqfvykyzak2syxa
rpi.i2p,56p5qxsrvo5ereibevetw2qbj5bronmos7wxunku27g2s4kpbnlq
rslight.i2p,bitag46q3465nylvzuikfwjcj7ewi4gjkjtvuxhn73f6vsxffyiq
rufurus.i2p,7msryymfdta3ssyz34qur6gi4jyfkvca5iyfmnceviipwu7g2wca
rus.azathabar.i2p,6gp6ykan6ovr7p6dln56msvmdk6nrtvzoypz5dbhkkt4bdnryjna
russia.i2p,yycwiaemebdnhbw4slrxxscgmaoaxeqsxpxt3wgukhtl2ood66qq
rutor.i2p,rutorktnoonk3t4sxmv6g5rj6mzsilfwxcplvfybemssjrva663q
ryona.i2p,mzt45ux3budteuxz2b4xkwnphgspgljuwp3rxm3d2yr2sij6wopq
s01.nullchan.i2p,mirrooeo34iokdgf3wno4ubx6x6uj7f2pqyjmmrvtg4m4parvguq
salama.i2p,4uoef63gv2sg6dtqmom5oypt6taypklekvlejfox56eiylprzrmq
satoshivision.i2p,rn5c533w5baghskquu3gtqlehwjkstzzbk5chbc5qhivsz3a3nqq
scamdemia.i2p,fdkiv7o4kzaikwkw6hbn7iedidp25lv6eo7yeyeqxai3jz7mrvzq
scanner.linuxfarm.i2p,kojzsg33v2zxwqp3twpqzfvflaeoxgzxrl3douf2x7xv27ggfnaa
sciencedaily.i2p,hxvbh56wdcyu766aueocw4hkzi3ptvrutc7bkxohcfthd2ufzd5a
secret-site.i2p,p6hbhjgdv2e6gyydrqh2ztl6onxnyilmj4ts7d7aj3uqssr7vvfq
securityinabox.i2p,np3agu3ekd3isrzqzvsw4llwlr3hg5xbw7n7a23n2zfvhhm4e7iq
serien.i2p,3z5k3anbbk32thinvwcy4g5al7dmb75fagcm3zgh4rzrt3maphda
seven.i2p,anqf44jmf7kby2qcvcx7gug6nuyansdu4msdbnp5kojom27rrm7a
shaderfence.i2p,6zibmpckg6hwsr7s5yk7tjnmuy6wjmy7x3etmklrauu4oecslzua
shadowforums.i2p,dq65yxqpp6gcyo53y53eqouijhy7ameqxkcjthkr7wpfusqppxma
shadowwiki.i2p,63gxkfc4hlcbxrdoepw2i2hyxai5qkxmi636ag3y7sf5tq3imoya
sharefile.i2p,o7jgnp7bubzdn7mxfqmghn3lzsjtpgkbnpjjsn6ddevqbchz3rta
shoieq3.i2p,3fjk4nfk3mccch4hdreghnyijcvovsi3yucjz3qzj5sxngqk5j6q
shota.i2p,75xxnc5hkeg7a3z5re4cpybbxt7te3p2krgrrgoka4hib2nr7k4q
silkr0adrel0aded.i2p,rdqt2xxpsc5tzj7gjvcrpi7jea5gtbetgx7w2npobveg5teatdvq
silkroadreloaded.i2p,hyn3mwmyeovcn2paujxur2eury2ufqpoahvbbqshfoggljn25tra
simplytranslate.i2p,mmiyv57bfhgc7p4pipk7jjqv5meuz5rjijoviquplvhxl3v7aoba
skank.i2p,qiii4iqrj3fwv4ucaji2oykcvsob75jviycv3ghw7dhzxg2kq53q
slashdot.i2p,7bkq3jzbvqirehxfo3gejnkfnktnhmxdxyuunauur5ucu5sn3xtq
smtp.postman.i2p,3nrunsrgeo6grhx6y6vsx7vibm5vabtockdbys3sqdmj6vha7k5q
snippets.bentasker.i2p,vgduvgxudaceslvwlvtda6b4csobvczygcqpklm3yeuke2zgvcaa
speed-test.i2p,7lk5mgyi2knhqjjwjeiiuwlrn2rs2s577e7jh7z5rmbe2s6qkjpq
spoika.i2p,u7uyxhgikc5ifj73oz6yedpy5pvtynbqo3n7rk5qyy5h5yhz4wbq
sportloto.i2p,sportloto4cqlq6uhzzvgsgd7rcsfu6mqtk7wp6zmzqwcpflbsdq
srr.i2p,t6vdyn5sbtorn3bp6i7ndnv4lmxhk4qnqmyqlaxykdhcwatchlza
ssh.b0nk.i2p,fsxdci6r4c52q4ftvdmddxwc45b73h3s2liyg6th3h7hzhjk4q5a
stackoverflow.i2p,jswqxcghynwlgihwbugz53nl2wswcimeibqhktwdd2htb6xhyklq
stats.i2p,kqypgjpjwrphnzebod5ev3ts2vtii6e5tntrg4rnfijqc7rypldq
stormycloud.i2p,46f3kyl2cwd5tdalegvkaqjfnwbitzn5d2lq4o5kp6keoujdhlvq
str4d.i2p,wrrwzdgsppwl2g2bdohhajz3dh45ui6u3y7yuop5ivvfzxtwnipa
streams.darkrealm.i2p,ud3gcmvysjch4lbjr2khmhqpf7r2x5if4q43xkqdptl4k7lc4muq
support.i2p,supportpwqa4cc7q43hb67tgd3dvntrwsy6725iufahm7kiluysq
support.torproject.i2p,6r7j6jlbrxb35k32zktopvr3w3pidm2baymwol33hq7xmy2sqm3a
syndie-project.i2p,xa63tpfoaqt3zru2ehxjjfbpadwj4ha6qsdvtcqtyr3b7hmt4iaq
syndie.echelon.i2p,vwrl2qmcif722fdkn3ldxcgz76df5cq4qypbndzthxwgmykyewta
t-ru.i2p,bkhuehxydyprxpd4372h4boyluardjogyuff5p5l3u7syguavz5a
tahoeserve.i2p,yhs7tsjeznxdenmdho5gjmk755wtredfzipb5t272oi5otipfkoa
tails.i2p,5d7sl23h4uer4czjdtlomkb6ykeiss6vqkxzausp6f6gmty2plaa
takipsizad.i2p,ufkhvmacngokfufxinfkdvfmbpvwvog5vrjiavw5zv32jnekcxia
talk.community.i2p,talkakxfa6ihzn2mbzar6q5chdtkpnjp633w3tarul2bb6tfmoua
talks.i2p,v45dmrrbjg3ucrazgl3t2tktyjajo7gvfexhmbdos3pi5kfuocaa
techmeme.i2p,pvwyqrf4pbxbsigcxpubvywvng52hjxzc5mook3pel2c4rv64mpa
teddit.i2p,k62ptris7p72aborr4zoanee7xai6wguucveptwgxs5vbgt7qzpq
telegram.i2p,i6jow7hymogz2s42xq62gqgej2zdm4xtnmpc6vjcwktdxpdoupja
term99.linuxfarm.i2p,dg3mso5klqqgcngalxdh5yvkwv56ou7yotsqxw3twneojytiehra
tesla.i2p,em2x6bwsbelqfvlgypcywwoov2rib7mvxiy775dmpfs76m4zcdtq
testmk16de.bandura.i2p,gbdgvcv6wkwctls3tdx4ljmzo4zry3awrr37rkvrxcwg7jzjoyra
testshark.i2p,u64ropzplqkncdmi4wcknqehjqudxb6elyut2k44ocvgx7ilpgia
theloliguide.i2p,qzyogy3d7v6ccs5s3mm3rv5hzuaus7qsfwe6ojnmtsistnvskj7q
theyosh.i2p,5m7ygxhcdyfa3kx3wfjbbunk4pjey7a5zr5lnfb3upgjbhanrita
thornworld.i2p,vinz4ygmodxarocntyjlfwk2wjpvzndlf4hxss2w2t3fk52oplva
threatpost.i2p,kokflo7ovzxujqinafmxibhk6ytvlmxmuvha3doaqhjkgt3fpe3a
tinypng.i2p,ri72pybxxb4mm6rbesplhn4ijk5ooyv7gv7ogh3spulwzr2par5q
tmpsend.i2p,r2al7m32cg2ypjcny627wkoiyanrasmorub2wqla3y6gn6rwzzvq
tomasgl.i2p,tyiu7xok7hvzymxtgg62rjz7mvzr3bryq4i7ii7gudncogn2lpfa
torch.i2p,vdpmmcq4ysca5rdczr5lqohjtaf5togdy5itoos54s6nn6xqox3a
torproject.i2p,torprojaxvxevo4c5qvor3ywgasxkubs5ukazrpq3qcxed6lgbrq
torque.i2p,hc3mefp6cq2btwmmjl76atgtftzswu774dyv4a3qkl34wn4g6vta
tosios.idk.i2p,4mfy2ggcynt5xjkrdstwju2cqicayq7tg5bcb6o575wvab2div7a
trac.i2p2.i2p,i43xzkihpdq34f2jlmtgiyyay5quafg5rebog7tk7xil2c6kbyoa
tracker2.postman.i2p,6a4kxkg5wp33p25qqhgwl6sj4yh4xuf5b3p3qldwgclebchm3eea
traditio.i2p,wkpjjloylf6jopu2itgpktr45t2xvpjijxilxd5tq4i7wkqgwhhq
ts.i2p,nebcjgfx3f7q4wzihqmguwcdeopaf7f6wyk2dojw4bcuku472zxq
tube.i2p,vipzc556nzjraiqsk5xwvyhz54fvtqt3vrepdarat3zsj4a6eypq
tumbach.i2p,u6pciacxnpbsq7nwc3tgutywochfd6aysgayijr7jxzoysgxklvq
tutorials.i2p,zy37tq6ynucp3ufoyeegswqjaeofmj57cpm5ecd7nbanh2h6f2ja
tv.i2p,znccrkhtgz4wqceyofwsqdsraqhdtteqzrag53lgmp6rhkutuy6q
txtcon.i2p,txtcons5lrayl7bq7zsk2mt24clocassid3kh2rvyd3rd2xeklpq
udonya.i2p,xx6ojsbjzosszqzdxfuopkib6aslzjd6jhcde36qvvm7hzqbddyq
ukrainews.i2p,2bocbwrmakg252kicblp5i42feao7qpcw3xppms2i5oevkgelpsa
umbra.i2p,xunb4chkeo5xxpfkwrkaqb5etmqpp4ddgvcmy7qkvtxhk5ihck2q
umbrella-corp.i2p,un2dk5c7zp5eeppownhi5hbdrjbrz5a2qajk3khj6y6tvu6w4lea
unqueued.i2p,3gvn4kwd7z74jxc2sn4ucx52dpvpscxbzjluux3ul4t3eu5g64xq
upload.arav.i2p,a5txjx3gjrnw6do4zr66wpwlayxt3dg7kb43wbr3fjp53mkfkbdq
urbandictionary.i2p,qpaj4limo5zro64k75k3tsckt7a7rr3tvjorwczmu4ug2yd5kh7q
vanity-eth.i2p,6djvwwd3mtozyqhpuyvcwqkje5fk3rbxqbgqgdlr32b6hvdqeq5a
varikvalefor.i2p,yn7ovvjf4nhf7hhk6qqph7utcoce4f2j325rfeuyapw3emlqfqna
viniciorl.i2p,h24ivgpff7i26dvbfs4chtj66t5oewvzbiwnby6mckp2lv2jc7dq
vps.webhosting.i2p,kfqflh2y36jzp26vloaptqpgwtvw4qtz232wv53xxbggkydhpkaq
w3schools.i2p,kmf6zikzfttexa3pxeumdqt73gmzb5ybkpk4hxstuzpbup22yqna
walker.i2p,5vik2232yfwyltuwzq7ht2yocla46q76ioacin2bfofgy63hz6wa
wbnet.i2p,2deeocx7jmrbmjxcpkxecw7yy2z7ybzwz5i6mg3ska3p3d2dx45q
web.telegram.i2p,re6cgwg2yrkgaixlqvt5ufajbb3w42fsldlq7k5brpvnd5gp6x5a
webhosting.i2p,hxqjbkpn5fxnmurlab6oluyqf3dd2xnxszeawn4ak2s4rpjnfheq
webirc.coldhell.i2p,k2d6bius63w3g35j32dn66fssqwbnyvegx6w6pl5mdeojpp4rjba
wiki.i2p-projekt.i2p,b2rpg7xtzwwfvtorfkrc3m7h222qbobnklra7g4oqhfjx64k2voa
wiki.ilita.i2p,r233yskmowqe4od4he4b37wydr5fqzvj3z77v5fdei2etp2kg34a
wikiless.i2p,x33lx4h6d7h6xs4eiqwhvaxn3ea5gn2ifmu3jobnvuvn4k4aej7a
wikimirror.i2p,2bhh73qhuwjkznnnzjfgo4buo7xy5l4ubhzt3oh23adksscx6gmq
wired.i2p,6ezm53j3so5rywhhaxup7bw2oryy3qp5nyeb5qc6k3duluiddxqq
wizardryandsteamworks.i2p,ioujrf2uwqairs7l3vyvqp7n2pia3x3wg5w5qtcqvg32zezuezza
wlm.i2p,nigg3rveztrkpzoimq4z46pvbtml27mfhadt7n5bvl3pzzyzefxa
women.i2p,dlabtr4su5l23za2p3l2jczozfwoc72qzslozsyd6vb43yqp7jga
wopen.i2p,xvedtnzz3kpwpir23zyr3exrhkrn3267harw7gcjvp25yceyokza
worcester.i2p,5jtgpuzaabxyhahvbmokb3oeh2lwzpiiqlrg3w7kyyg63lzkwabq
www.imule.i2p,657xcllunctawyjtar5kgh3wpt6z4l7ba6mmam5rf7hev5w2lsvq
www.infoserver.i2p,fq7xhxkdcauhwn4loufcadiiy24zbei25elnup33a3gfrdzrtlyq
xadmpp.i2p,jb67tnpn67i3pwcuf45rtwu7gq6nkrs72iznhnakpkdzb6dkgfmq
xd.i2p,jynrjzdp5qajf2jsdif6bgpijuk72zmuiohq3o7omeksw4pdgejq
xeha.i2p,oartgetziabrdemxctowp7bbeggc7ktmj7tr4qgk5y5jcz4prbtq
xinku.i2p,xlsmgjin444ccqu7ff5taoov7hecasdyg53keatpbr2qrvgmzvuq
xmpp.ilita.i2p,2dpg43zlfophx5jo4xeqc6cx3zm4x3tfdoinbfuzychf5lwn3dhq
xmpp.pubsub.i2p,yxbp3sn2x5t6k7hcxsg4njmaxjomr2wvh4xeldxjlij3ms3sikgq
xmpp.reloaded.i2p,hioylmlm3lf3qgp2ncmym3igx6eyytlwioeq2fip4cwpzjtyxfuq
xmpp.rpi.i2p,3yv65pfwiwfuv4ciwtx34clqps6o2mc3vtyltcbqdkcki6untbca
xmpp.xadmpp.i2p,s5ekktro7kk24gu67dgwi5xnhzhzjx6abujk44q4v56mmdnrv4lq
xmpp2.reloaded.i2p,ufeplugqot5e22kottvejlw7yq24kynw5v5faulehc6n2zs62ura
xmrnode.i2p,moneroti7lckp4hjrqckoq5cfi2apuyxia42sp5x7tkbzjfwqfiq
xmrradio.i2p,olwxvhwaq422rcrlmvh6wgrdczyfyeag645du4cwncutqblkfmaq
xn--80ahmijpip2p.i2p,assist2a3jsikp7ufmzpa56mlflhi5kmoack5dm6ua5x2hbgckua
xsden.i2p,4dofwhzlkz3k3sedwzs2sx2fudq3jfvaygffc6kp6hsawmfmz6qa
xx.i2p,a7hrmb4kbftyk4ovr2la6azi7vjfqwt2zlckos4svoaclqu52j6a
yellowonion.i2p,7l4kgsyatdmntck22i27oui3llftjim33ydav7kdew6ewfqvjzfa
yggdrasil.acetone.i2p,tlfhgwzn4v5nlm2or5uy4leqmjbl5bncgcopbqnmcr4hbk3zrvqq
yggdrasil.i2p,7hhvvtephitji3ibz4vhbapj4rikoppd5324yttp6k35gkqgri3q
yggnet.i2p,deyg5puthy6tc44j56ee2zxv3wu36vlmgxjyz2zoc63w66l5ksua
yourdomain.i2p,witqoik7gjzywta5nss5m6dvialeciismabksrukcvpfdpe6aqha
yt2mp3.i2p,7ai77u54gxta2ry326amfq4ugiqgcxd4r663nmxtswcwezyxsbzq
zab.i2p,n4xen5sohufgjhv327ex4qra77f4tpqohlcyoa3atoboknzqazeq
zerobin.i2p,3564erslxzaoucqasxsjerk4jz2xril7j2cbzd4p7flpb4ut67hq
zeronet.i2p,fe6pk5sibhkr64veqxkfochdfptehyxrrbs3edwjs5ckjbjn4bna
znc.str4d.i2p,ufkajv3stxpxlwgwwb2ae6oixdjircnbwog77qxpxv7nt67rpcxq
zx.i2p,4ru5b25ixgz2wt2aqskbr2iflv42gt6ta6qet7rv4et5rh2kq6fq
zzz.i2p,lhbd7ojcaiofbfku7ixh47qj537g572zmhdc4oilvugzxdpdghua
