0.i2p,zeroifc4u2wa7bwtzdpihfa5cpqwt3vsaunnk3qomqaaaelp7rka
0.vern.i2p,vernkjqjz3qctifc3ovi7s77zzkej6qb6wbgly7yu46tgtffskla
00000000.i2p,zeroifc4u2wa7bwtzdpihfa5cpqwt3vsaunnk3qomqaaaelp7rka
076.i2p,el3nbzyxgrkmd46nacmzf2sy6tpjrwh4iv3pgacbrbk72wcgxq5a
0xff.i2p,apo53zid3xe7rewxjw7whdym2rmyowsj7jeoiwrl5zlmf7oqrxwq
0xpaste.i2p,oyfcxkrmrnaplu24aobv7s36hm3vyxszlbees4hl6kpk6izwa5da
102chan-memorial.i2p,t6uwxydnfd7mo2knxklmnrudxafe4mw5ojiqikj7xfrc4ynltz3q
2b9t.i2p,5qg5z6tx4xyjf3tirbw5o2h5p4vu2hcfxyill4aolk25gxnsdtwa
333.i2p,ctvfe2fimcsdfxmzmd42brnbf7ceenwrbroyjx3wzah5eudjyyza
3chelectricboogaloo.i2p,y5hr627jx2kzyaxlg3i5ohbmlj37eduamz67qd23kkg3dy4hg5ea
3chv2.i2p,y5hr627jx2kzyaxlg3i5ohbmlj37eduamz67qd23kkg3dy4hg5ea
4rum.i2p,ys54v3jkze77peoyzhbck5rswaaeu4j3wd4cueli5brcbws3plrq
9ch.i2p,ninechjiwpw5cs4t25sa4pvtacgwhrsptgmopidfulbt5nnxxryq
ab.i2p,incogniteqtvrg4oydx7rif7yntws5rkhvbqprrbabwwfrmd3j2a
aboba.i2p,eqquydtvvbz2oxywyyflvfsuieega22m3yw7vbjnlggeu4l7bwla
acetone.i2p,tzwfy3dnqtm4wuofmcp3gcb5qjcytri635ei7kw7yrl6n3ul5n2a
adhrb.i2p,zrjxklmdahel67zjzvi6ejum6xbddkgccrhgtufexe2mrjsze5ya
aditya.i2p,ba6onc4eax2kxbuzkjdzv2ev4yr5uuo6fodkiehvsukoy6cakwja
agentoocat.i2p,voanmdeayaccgaxumtehvxxiv4sdscsixoxsqmhh7nfwhusrvfaa
agoradesk.i2p,ztqnvu7c35jyoqmfjyymqggjpyky6z3tlgewk2qgbgcmcyl4ecta
al-monitor.i2p,24w2lpn7voaqpkep4rdj4ozjh6j7f34k63kpjaiab3q6f4vpcq3q
alastor.i2p,q6va6tmsbokmaxbbh4g5lttp4ucxssdegegfxmhpky3kdj4zs4zq
allium.i2p,3g2s7yle5lg3g7znn36qnqmmpxcyf5hcbsssao3thsd72a6zue2a
alqst.i2p,pgczxat4iv5eacxvcwkzizqxg777irmo4hvwgmoqsyhq7xwgjaoq
amogus.i2p,udcjqqoo7mc54ephxnhzaxdwtqxsgxjzvh4wr4boope6vyr4mrhq
animal.i2p,5iedafy32swqq4t2wcmjb4fvg3onscng7ct7wb237jkvrclaftla
anonymous.i2p,anonymouspalhze3xbasa6c52245ku4eu3ecxnef5d2ct3ggtl3q
anshita.i2p,ctwlodkipcexur33u5vkqqv5vsuohjdfj7iya2zgv4olsmypfdia
antazorg.i2p,r5kwcgx4cmc3guurpfium364jrhi5ybwgweua55jgx75ozr3fk3a
antebeot.i2p,t6n4sevt5t4pqpunzhb4lw3iwr2qjlzoav3weclhzgix5dxvdl2a
apophis.i2p,aybax36xssplylkueyy3szi3n2spd7mgxcmzbawapg3vxznwlkda
apt.idk.i2p,s7qemnncvmy5zs3khd6qzlcnsvtu6drnkeae4r3yyc7akuzuqiia
aqua.i2p,xqwrqfuoae43grkmzs63sw5upathbjerid3ch4bhskle3bibeqba
arav.i2p,t42fkp6zp5dfqywantq3zp427ig3q2onrmfv246tyaztpg4ckb5a
archaicbinarybbs.i2p,t7o2tw36cffedgfr6kahewpkrntofnliuapji2e4rucl3os55epa
archiv.tutorials.i2p,lldr2miowq6353fxy44pnxfk37d6yn2f6kaivzecbmvvnnf5exyq
ariana.lecturify.i2p,t7ojnbdkb5ibqp3zds7pfvjnykwycth7oksdkh2ilakaw6m2xola
arstechnica.i2p,rrlara3vp6vpkzbxy6xpdl2pbisig2xfcenctgxka4s6qsioyvpa
aryluneix.i2p,wunvy7rsetbfwyej2kqknmnhvo2o2jkteblx52pm5vsmstbosawq
ase64-image.i2p,keppeaoopqg5dyjwwtidwgqbt2vxgb5nwvd5yrusptt5y25pib3q
ass.technicalsuwako.i2p,fs4uzbuaudl62wdhq6rwc3sn7e3iirjsyyxvgwip2cbgikbnltha
ass.techsuwako.i2p,fs4uzbuaudl62wdhq6rwc3sn7e3iirjsyyxvgwip2cbgikbnltha
asshole.i2p,jwdsicbkg3ulbtv6wfhrrgocx6m4pyjatvmmu2bfmyechvm6pxvq
astra.i2p,astrasneqjok44eyzvctdyv44lldrp2wbb6zh4owllejgrnemmvq
azathabar.i2p,v35rwae5zb6fcgd7phzkireghtuen43umi7l5yvahm7ezkqg5uwq
bala.i2p,sgtzjggznwwywg4z3wy6s5dnkx5muqc2dhaepg32txo4nyzz2kba
bandura-yacy.i2p,e4t4yer7o6dbttk4xmpsfd56vhuse5upksgjqejnrvrdz35ia2qq
bandura.i2p,n6eqyu6glmtgt544ys43ggrozhpiw7biyrelrvmkmg7llfcjwm4a
base64-image.i2p,keppeaoopqg5dyjwwtidwgqbt2vxgb5nwvd5yrusptt5y25pib3q
basedcooking.i2p,pjcpgo3vp76qsknvioaquffotobe6725u2u4ovxfdlud6ndi3y4q
basedware.i2p,3m6oaoxwh6c6ym7a2hj2ibq5bcgxzxal7ylg4z74fllgiwsgmxlq
bbs.i2p,7ubwrcixdcemzqwqzh2vaakjsnochj2biuzpo6dc2n4f7wqj4pua
beauty.i2p,ijn6mn44ecdbovp66rhzcgnhvdxy42fwck7rseixiyvdmhw3kbvq
becomesovran.i2p,h4b63jic4ssh6ege67eqbokab4rriiznwbi6dcjsie6ernn2kewa
bellingcat.i2p,nk6hd2mzzoieui22xzcdiz7i2irp7gel3qscwanuqzstkdxqxp3a
benarnews.i2p,2wtpazvjwxdlz2i2swccsgj4v5hvcq22h6ohrhduypxk2r6widdq
bentasker.i2p,gdncgijky3xvocpkq6xqk5uda4vsnvzuk7ke7jrvxnvyjwkq35iq
benthamsgaze.i2p,vemrh76ebiisqqhk3wmngehca4djnznnv5bd2a64qjs7pum6tu7q
bet.i2p,z3be23jcvffy3gzucsro3kxayrox6r52imguu3r75l4qnvgunj3q
bibi.i2p,4iye5h6b7ktajp34jhhfrx77g2kr42w6e72u2ixy5acwwbpgclfq
bibis.i2p,m522y22o5yyvc4z7tpbl7levr2ofsgbed66eueco4ajtkmospvpq
bible4u.i2p,xs6lr2g5jiaajtb3nkno2zmy34eipitrggooxb7wtey7uko7bqmq
bibliogram.qwik.i2p,gyet2jwstmlop7j6ufcmc7tbjuu5ic24ornqrgg5uug7yqjz7tiq
biehdc.i2p,jjnjkr4ccbkvqs6mjr2ybxljhw32mdrc2bgtwm3wfafyfoov4ira
bitchan.i2p,waycuw2c27ruakfblkf5tcegwmt3ot445dlfoypil6bzmm4yxg7a
bitcoin-node-xgt.i2p,xgtoqf5mtdw4432bq5djvmx6hv6e7nlsviwm63zxgmdiaejz5mwq
bitcoin.i2p,irj7eualgcwi4dufzxyetyhkzcf747c46lhuiup22cq6p7ggtcxa
bloat.clubcyberia.i2p,amo5qe6tkxjjrl5omnegyl7vyip7bx3xc7y5k4hgmqrmop6ifsla
bloat.ryona.i2p,q256toxhs7m3ntmu4sq5l7levm6vr67f3rmqytiqpprgflhn42qa
blog.qwik.i2p,4zmuywwjpnmighhtu2tz33iitsbotfzhqbtbdmrkc5uxujcrj5qa
blog.raccoondad.i2p,ouc5i7xknchig3qdtkoydoeg2oqe354roxkjrrwzuzjcqr4xpvna
blog.solin.i2p,ejzpzupf4mns65aoricgjpb4et4witewfj3h2titx4zco6io3o3q
blog.torproject.i2p,woelslt2oh4dn5wlxfmpjggyyu6l7ntgk3rngrooldn57x4kduma
bober757.i2p,h6m4ich76fkbs7uklcmyy7p43def4mgbswbmxr6hv4jdfgv5vafq
boerse.i2p,7633w56hd53sesr6b532r5qlbdnvyl5bnvama6ign6xryaxol4rq
bored.i2p,bored4mfs7xek5xeo4qn5sol7mz5ozi3bwleclcyxdbrhmbuhlca
bote.i2p,bhjhc3lsdqzoyhxwzyrd63kvyg4br6n2337d74blyintae66mr2a
breezewiki.i2p,fli5vuwvozlzvwf42laeh4lumd4h6ix33b4kmvbvnsos53grqmya
bridges.torproject.i2p,2tiwhibsjvys63t43xncar6y52dy3dpct6edglenhzlalmyirb2a
btc-node-xgt.i2p,xgtoqf5mtdw4432bq5djvmx6hv6e7nlsviwm63zxgmdiaejz5mwq
bublik.i2p,npx6e6trk37ovoxzk3j3yoh5huenh24avbmsgeroiejkuzb2vo6q
bw.vern.i2p,vern3g7d7ykel6suo6fxiqk5ijzof7rz7k5xqcdjhm66vz65ijva
ca.i2pd.i2p,u5safmawcxj5vlrdtqrsqbsndkr5cfenpicgg5euu4xqm73yicba
cake.i2p,hpdbe6o6qqqqvgygbcznssat46kybsm7rcauofqaoly4ajdi2jeq
cantonese.i2p,3r3d43jejiezwb6daqgtk23ccs4jm3bvkhxwwwnpymvjn2aymriq
carnival.i2p,sbciwhpyg5qf2eprlwpfqcbnhkcu32a6xpvc7v3p7tzee2mta32q
cbs.i2p,u3lp7wazvq6opodzwjg5sc5w5kwxehmxd4wcdpt4s4j2k4dx4apq
cheapeth.i2p,x6pq4h33wu6txj6vvpgywrgew2y6cwzs5l63w726paqsvogeqdra
chess.tt.i2p,mnare7i4srjtxozsi7z6tzv7rnjwe5smz7izmnyai5aa662un4kq
chinadigitaltimes.i2p,ds5h5gr25cjcdyct7avo3lwxqva6bcicodiiqnbrod5erfbnpbmq
chmok.i2p,w7eqh6nndwk4yr5vxtbnvizgsg776vamwingijetnnqojrzjxm3q
ci.idk.i2p,antkos5hjxraxduyewoo4qwwr6vyceiggd562nctvmtpnfjsuqlq
citrus.i2p,citrusogkieyk3hleilk5scb5a64jdzoogi5wjv35klrvmqsh5ma
clap.i2p,or2pfmel7kn5c6rumfwsdvikci2memis5lvsnz4lpwpxwf5gm3ga
closedshop.i2p,6fg67mbw2okopzyonsck4bsy3cy7l2fame56uiysr2cezhjhzdbq
clubcyberia.i2p,4jgbxdwkokxm6b2lzumpb5y7mtvkd35d3v3q7se42e5b2gormt2a
cn.vern.i2p,vernyaourawd4avjf7ye6g43pqovys5wqdr672kervjpev353klq
co.i2p,3mvo5eifcwplcsoubtvqkzdahwo2sdhfygfdde7lj2glybk4q22q
cobalt.idk.i2p,m63cbwomq4e4q6df3n6idnuveqa4yastxnls6kacseuutrp5um4q
cocolino.i2p,345hywdueptmdvoxr2i7zfoqwzk37hqgz754ap5r533u3wgdohkq
coldhell.i2p,z2kerfik5dzqd2kj74cuhhtptkrizsblc5nm6ke2gcnj5mnwgwja
communa.i2p,rgfmh7kpkl66o35zie2mcoufn23vk46hya7bks66aakdzjaj5asq
community.i2p,64luakopnvffchxnibn3d2p7uqxixtyuallfqfgifkkcmfcrczxa
community.torproject.i2p,wmw22z5c24b35hlepzc2g6k3cpcg44rcg46qdwfo5heiplv7m4ca
contact.i2p,rn5hqxierph4eegft3hiiqkgn2zyyfgj2c6pq75bkahl3pu5shvq
cool-website.i2p,bpbzzhawchb5sr46ghe6ojefuffkdlqmbynbtscordkrmsjcnwda
costeira.i2p,abhty5xlmnyab2kqdxcd56352kcescxoux3p6dbqdrghggyygnxa
cpaste.i2p,jba3f3hetrnzkinrk7tspld6lyij4dgxzah6f2uikxm5c7u76qka
creatorclashboxing.i2p,5cttm5tujx6cvjogndpn2wz6eqj7cplnatkv7iercgds7ukphjtq
criticalcommons.i2p,smxtmql7t2xi6n4bj6ncypqvknro5una4aa74ytfnwr3fi64sdwa
crumpetalpaca.i2p,jf7iwlmqhiz2hxhrqnruhdpjakb3ixbschgcb46mxn3qobbp74ca
crumpetden.i2p,jf7iwlmqhiz2hxhrqnruhdpjakb3ixbschgcb46mxn3qobbp74ca
cs.i2p,kzaeunogz6s75ptgy6ifjzwwy75xdfenenswvrczd7mewxgrad5a
cssportal.i2p,lrcgr42clubpbmahmwgigan6v775xe6mew2xfjbl67v5zn6roxxq
culturemagazine.i2p,sm5je6sks6x7zfkspyzjezxvz63gblueetio27s7sx3gtp43fvza
currentaffairs.i2p,qyx6aht7xjjuy7vhyexqzp4tpn2jbmuerkmsvl4wxaa7d72peh7a
d-rine.i2p,wwcoscdw5m7rafdhdqpn4ryev65zxltehrkh7pl3khf5rmge6fma
daniel.i2p,edk3pz64esvpy6bqpjtlqat3h7unwzxmvrrhjeg2ab43d6zfkzpa
dankaminsky.i2p,j7enz3u6gpvb3yt5kmlq3h67d5duyvkcueiv2qygwgg3woxgrd3q
danwin1210.i2p,edk3pz64esvpy6bqpjtlqat3h7unwzxmvrrhjeg2ab43d6zfkzpa
darkdot.i2p,darkrwolfcgyievbsoiyvzjjdyc36go5uhqyau7bt4wwg3s5irha
darkdotfail.i2p,darkrwolfcgyievbsoiyvzjjdyc36go5uhqyau7bt4wwg3s5irha
darkdotnet.i2p,icp74bjhdxrmtlfc7p3dt7vj5gpctp62v2qcrz5pva3ntjilf76q
darknetbible.i2p,lcaocuhvocje2gociyyuiip5sxhbgmkvaicbm6g6axtflf5wc6pa
darktech.i2p,nlkpudgmmgsdiemnbehq5llymdmxp6tn4rzjuse7nhvavr2kgkga
dashninja.i2p,dzjzoefy7fx57h5xkdknikvfv3ckbxu2bx5wryn6taud343g2jma
dawn.i2p,grtd4tik24lefhxdb5zuvk3vhhiy7wboiac5dzlz5xq67p7rcibq
dcherukhin.i2p,qa4boq364ndjdgow4kadycr5vvch7hofzblcqangh3nobzvyew7a
ddosecrets.i2p,vyhw7t7fbj7nghx3oe4y5komczeb5egnhuvlslpkqupaymnhtlka
deavmi.i2p,fh5r3hlkkwh7udtjeqmekmq4qd62jnjqmnqob5hm3ndiuo6lauza
denshi.i2p,denshiky5uqsfq7ra2djupn4i2l7jep27pfedpzoxiaujsuql4za
dev.i2p,develop2pbyxpi4an5bicyuzgshbldr6ivp4c2snqxgzhqryulgq
diasporg.i2p,edvccoobtjukjgw2os5eetywanbb2mpag5aknkrpia5qx2koksua
dickinass.i2p,5x55ucmwxf2fvrcboapylnrcwdvunlokq5c7mnofno3bkrlqltza
digitaljournal.i2p,xuhnkigz2fwuk2l5knkcqyikh7vdukbpeqk6ewzkbwf7kw3zejra
digitalsr.i2p,ldavoapfhoqpxvihdsdjjo3phlt5ujkgkzigzbesab3g42rwvbpq
digitaltrends.i2p,qrmhrndeq7bhvyx3uieiu7t2wvkxenpmakjflxzfbywopdgacdfa
discuss.i2p,wrnowoalzz5mquzaygmcrm4feuqco5gsxyn42fizbqjaprtdx5gq
dist.torproject.i2p,pbhgoronppg7tq3dssnwmhzkbrscbvtmy3d5pmar5hyhnqwjj46q
diva.i2p,auoqibfnyujhcht4v3nzahpqztwlyomesfywltuls5bqqi3nd3ka
diyarciftci.i2p,vyros74gy2ubpkvoga6wy5qn264kiar2gb2qxemov4p2abnzzgca
dkf.i2p,dkforest4gwaceahf4te3vs7ycddtbpf2lucocxdzhphezikdgnq
dlf.i2p,dkforest4gwaceahf4te3vs7ycddtbpf2lucocxdzhphezikdgnq
dnl.i2p,4pjdhyaot4kktjathgjmom4ykfccezyezasbtvgdtmar2b76cpqa
dns.acetone.i2p,dnsgzxkak4zlrrs5tfh42ob57iley4xrp7srrltn2j2yl2ynbiaq
dnw.i2p,necqsddapapzg7dbumjrpsigl5f5lorrhvqvt5wimmyzbkojbwsq
donate.torproject.i2p,crxdz4n5viyy46upbd4amlzxcinkea7hwj3mkiudrw3nkpnfv42q
doug.i2p,dougbvvvjtpjquue47xbnjpuo7msdrdzbr45gxxae6ei3kxm2ynq
duckduckgo.i2p,gqt2klvr6r2hpdfxzt4bn2awwehsnc7l5w22fj3enbauxkhnzcoq
dump.i2p,dumplinf6axdc6zeingl27du2jvdvdpfch34jagvqhtqezvjqzzq
durbuddhi.i2p,lxyfjidb5ynirkvxz6exa2nfzckd6j6os5x3otvjzyxq63plgoeq
dyoxin.i2p,xscpdg6ptshn5vprm3uwo5r44sj7ebtazirp5zemnb7gv5zoka3a
e-internationalrelations.i2p,c37aaduh636bezob4dour6z2x662x6fuqgqkxluzpejrgyj3ak7a
easygpg2.i2p,bwxry5alzx5ihgrd3glah4eotddblzhalvpheppnw4zcajzqoora
echo.idk.i2p,63sgpiu6f33arldcxkbjsn3jgf6asyx3onjmz6j6gsk7hgbiehkq
eff.i2p,6qnxfw66wgrxwr5ntxk6d467l5o56uiqd7twtcaue6cmhk5vuzrq
eientei.i2p,eienteiqt6mhy2gwali25oaqixulyhjmsnhiig6kdenlpj3rbbua
ellipticnews.i2p,3u5bu47gmurzjc5xxhoseozr5kfkwmyxf2apqthd4re5f73vorga
elvn.i2p,vwjtedtgyokakyxgfeoavg535bxe7ymdvfbdwsq4iqngljqtqi3a
ero-like.i2p,ncfq745sechcx2frri56mmds74psse6porzbpb4d7agnbqs5hapq
esp.i2p,z6hgn5jzgix5nj72j376ijflsipd7lwcl6wmhbg25cutkpoaeana
esperanto.i2p,2yryi2eb72hnxavjpfot7paiminbzgv5w6fv4sl5wez55ventdeq
exiledom.i2p,rolzcwdxqjpt7ar57k2ovwbyg73tqiflqwghjlctgyxr7va3vrxa
exit.stormycloud.i2p,5d4s7pcvfdpftfk7npc7hllyujhufsdprtrf4o53i44rgsa2xbwa
explorer.gostcoin.i2p,ktoacmumifddtqdw6ewns3szxths2hq2fat2o7xnwq4y3auga3za
fail.i2p,darkrwolfcgyievbsoiyvzjjdyc36go5uhqyau7bt4wwg3s5irha
fc.vern.i2p,vernkas3nvhxvfzkyz4rvzul3c6gvrdtuo7lzvvoudcatmjqa5ea
fedi.vern.i2p,verncc3ifybf2wvag5sgjmpsdp4lcv3ppuvpnlihcgffuqytkaxa
ff.voice.i2p,flash27uwkjwiamcq5h4jaeqsdvunsalwephcdogknpn2snw7vhq
fido.r4sas.i2p,i522xmu63hfbaw2k54cthffcoqmeao6urjyq3jg4hddf6wf57p3q
files.arav.i2p,gajftpr47ze6ao7e3q2tb5xmcqneyaczu4edzvwwg2qzmnernpka
fishsticks.i2p,btjbfuh2wav3c7bkjqylgatbkvqaireemvsvxwetkrifuvfa35da
flibmirror.i2p,cvpd3g65kizvl7nppoge3bacbvunbwouj2ekuffcxvu4czwndl3a
flibs.i2p,ocdm33e3h5tdml3yyholj4objdwsrhlugfqjnqgdkslmgdzb6b3a
flupke.i2p,xnfh4ffffrsubo3vlgfg4a627o7j2a3dxrkkad343z4xseivbjxq
fmae.i2p,bdyzoh4zy2siavdgtxzw2hixp22bxnv5ms72ci4kgtotsi2vkkfq
foreignpolicy.i2p,sr2ksohadwcduwf7bacu3qvm3hbnytdzerosly7bnxtuxumyg5ba
forum.varikvalefor.i2p,p4sge4djxppmcy5mno2b7ex7fljbepwct6zf3hkqjzbsg2pckv6a
foxdickchan.i2p,iqxr4hupmaqdd4wvkwwjjrq6ddocydqqqadtnk6ltdnalvrzanxq
foxdickfarms.i2p,xrggfnj3jl5ugeqc2lshpcy5u2cxsdzynkjlorxvuj74walze6oa
foxgirls.i2p,fh532y3ypedf6wpyzih4djn6mno6rozvkgybnavg3vrf7o464eyq
freefallheavens.i2p,7etudb75nhe6vxslitptjlwrnbybdshvzxnweuiepsxbbkkxy5ka
freehaven.i2p,y4giqqrbcb4xit5gp4y6njypupfklfdr74lfi424seenf7usjvza
freifunkmobi.bandura.i2p,5shuxvx52e3qszylwn4w7qst4siap3latyap3ff7nfnpjgllkcea
frogmarch.i2p,ufbiacyzgrdfb3ugbcccvg5kpqmf7joifbp7d5buotlxfrogmzua
frontlinedefenders.i2p,pshxfoeefj67oj4jwjh3cqiztmrgcpsbuttclnc6fiwvv42p6inq
fruit.i2p,bw4ciositldsdf6s2dryarvbcodwovrhzlpytga55dbspe2wyncq
gabe.i2p,gdd4pmi6zwkneh54x4pycwcjen4lx7ia7ts5s3kegdqvcyrwdnxa
galladite.i2p,gallap5oyvl3kum6pck2sxnmofojogkg2c4xpilpshpejfchtrvq
game.i2p,games5mshyjy6sz4xtci25kidfu343isjeybzrs3nbtxmwdom4ea
games.i2p,games5mshyjy6sz4xtci25kidfu343isjeybzrs3nbtxmwdom4ea
gaming.i2p,games5mshyjy6sz4xtci25kidfu343isjeybzrs3nbtxmwdom4ea
gats.mynero.i2p,r2oc4tzzixlr6jxv5hcwxpuj2jkpqwxiwjybxdz46hra2fw7otpq
gc.vern.i2p,verny3lihmavvnyavtd2fodz7cjyvp7rckfbbfq2lgofeajlhvxq
gedanken.i2p,kw6isjbs66uf7576fbb3aniokxtrpqmbegf4tf3xskg2bmrjci7a
geekcode.i2p,hzmyzxa6jzag67zcqxhicydusdev77byf2qoyxjxhsrtkce4qiqa
gemini.sysrq.i2p,xcr3oeil2zienex6bjtlheprhvjxgaysc7nedr5dtnys6j4e3ska
get-monero.i2p,mituupybd7l7kloh4tblgkapumlvny7ujyiluzodibcrhrcp2fha
getgle.i2p,getglebcjuuah2bl2fva36czg2zqlz4grfoirpbpjg5k4ci7jiwq
ghativega.i2p,ijiijmeuog4oj6ayzm2fbx4j6lf6ckgcstgesr3yfk4uiqzcupiq
ginnegappen.i2p,kbhfkzx5jeqhfgss4xixnf4cb3jpuo432l3hxc32feelcmnr3yja
git.agentoocat.i2p,5ihrbnmcoewaax5kxsghnmxh6p6srufhmo5pqkybdwuz4yj7efja
git.apophis.i2p,apep7dtwnuom6b7li6jirhrsygxgcdqb5svqpq6mh2rpindrzp2a
git.arav.i2p,p5nkflgogwv4esy3ainup6mgurpugmdyufizhuufauznreyvprsa
git.community.i2p,giteabolfdejtdzblkooalqei6jr67imiugmhtsh6ocw4hlj5a4q
git.i2p,giteayof3hpwkfnwnryy6l4qhq3cwdzqlr72jokzbkc6ol43mypa
git.i2pd.i2p,7p7piii66oika4bkrkxpkqf3tabx3n5e4lkaz3hreb5nrllefj3q
git.idk.i2p,7qeve4v2chmjdqlwpa3vl7aojf3nodbku7vepnjwrsxljzqipz6a
git.mynero.i2p,4hsesnr6mjb4qrflgf5gezjaszzoqnnisin7ywzbsv6pgcxysiaq
git.qwik.i2p,i4kemzfhct7rki53w5mqtrnb4ixgp66fefgy6752emogkbldtifa
git.repo.i2p,vsd2vtgtuua2vwqsal2mpmxm2b2cpn3qzmqjoeumrrw2p4aot7uq
git.skank.i2p,dxlfhlrqd23exqwmjr6vmq5b5tn5lo2irwydhjvbiciolwq4auga
git.spyware.i2p,zin764g7gchdgxub4bskkztbkjlgibs27cl6pfvbqvjqx3prjgjq
git.varikvalefor.i2p,6sqxtpnpqqnlqbdxu7dadmorrffnpe3evbz5zye4y5kvljkzkbra
git.vern.i2p,vernj47t2vz4qiobsrcaj6eqhaquqe5qsaejga2glol4b2snhcfa
gitssh.idk.i2p,g6u4vqiuy6bdc3dbu6a7gmi3ip45sqwgtbgrr6uupqaaqfyztrka
gkd.i2p,gkdbbsew5yasf2y3eu55butn77t5defdyxsomlblpxwv4yjwomvq
glue.idk.i2p,ykbx7chmkivx3idmxd3lu2jc5w4wtlps4r3md57wszhk5w7jykyq
goodarteam.i2p,6hydtmjnd6pxlfi3iekugmslyhxzrqubqpmnmsrzw2xe2pg2p23q
gopchan.i2p,gopchnqtt2thncw263t32kg3wav567kf5lhzpzqcbnp5diofnhqq
gostcoin.i2p,4gzcllfxktrqzv3uys5k4vgkzbth4gqednwhfpt755yivm3davuq
goy-gaya.i2p,e5dkv5jqguaqbyhafx6ty3s6fa3edtwrpxslhwia6lfxcboyxfya
granta.i2p,hjloamggmqyfadl5iez6372sufuqdyttlzqctx6guqd2vjziqg6q
gts.varikvalefor.i2p,so437i55yz7th7ufbroxrpwa47ud22rqkjewfzlmm7d53gzrnlda
gusion.i2p,4qyfdhizjixe2psu7wcvqufix5wlijocehpb2futurcmlhlktrta
h0p3.i2p,k5fppzxc3bwoz2mjc7q37jojbrxo6vtprac3dzrk4wapv7irr4iq
h2.vern.i2p,vernbzrr62wtwvddjcpo5stg7mp6mvoi7y2hkdekvextwb66mj5q
habedieehre.i2p,ehre2peckhgn6pjmdutpseuy36vtpj5chgyyli5bltvflc7xtf2a
hackaday.i2p,va7obisrthvm7xbr444pzog6eptnog37bty3vnlcfctdovibox4q
hackchat.i2p,njypvk6oq2etn2wi5joxxkrg5rryc2uc44kto3ijz6yox4syn47q
hackernews.i2p,zbfg6fntvx2ptmp2uzw2pmyfipeh4wophzmtxzlv6qs5bvplv3wq
hagen.i2p,e2t6rqd2ysbvs53t5nnaf7drllkgk6kfriq3lfuz6mip6xfg644q
hardenedbsd.i2p,6ebmdsir52bi3q4wfwug7ylouoq6gdafl3wyy6ccfmpffijhtoca
heaven.i2p,y6ejpmln3j2jvf4omb4ptyo2idognputhrccph74yn6eghkpxyhq
heimdall.i2p,o7rsg2kbghd4f6rtu3kgtsr4o4xx6w2taqed3fiatmpzwdee2vzq
helplinks.i2p,rg4xk2t2bbx2clyvlv7rpqk5rctg5xvgrn2invdwlssuewyrfajq
hentai-torrents.i2p,aoxvxulvlprgyir5g4upgyojvddewmggl3jbzqzwhluq32cdgusq
hentai.i2p,iv7i2dculdg57wyvra4bas3vz5uprb2xnufhuxaq7gdqqftx6bfa
hg.i2p,mercuryum7qg6udiuhhbmzkw5462q6d6c63v3fidnruspoe6aj6q
hiddenbooru.i2p,zma5du344hy2ip5xcu6xmt4c7dgibnlv5jm4c2fre5nxv44sln3q
hiddenchan.i2p,6y4tltjdgqwfdcz6tqwc7dxhhuradop2vejatisu64nwjzh5tuwa
hiddenwiki.i2p,2iz3nkopz6fxbzlcjq3ofligi7mwdseuj4ndzqljogyvsggh6dvq
hightimes.i2p,kkhti6od2xo65f25hxjsmexplfqrztgmsaa6b47mxhygynt46szq
hisdarkmaterials.i2p,qcf3vxllflqfsbvxjlypfxsx36g5srknxnhpyz3ph5bcxdjawraq
hongkongfreepress.i2p,fwqewg2a5wh4lthere2nt55i6ocggdcxd5y2upaoj4pnhomsdpcq
hongkongwatch.i2p,3epkp3nf3fqa3ji25qb3i5azda4vuduaj5yrafa7afreuprgv74q
hotline.i2p,6cczi27iuxkm3aivazaemzltdqgh42ljzurqp43uclbz2lid2uqq
hp-net.bandura.i2p,z2ufexrgrxry37y4vs5hted35ygpleskfcs2enanl53hmlpzlqhq
hq.postman.i2p,7ewjvbcwgah57n64cwbsxqai7eutqofkesuxfsuhfheijivdjqra
htmlcolors.i2p,674zs7tghldg6kagvparow7xkkwa3gaizmug3hgwurekz6wpqtia
hub.i2p,pbm6jogo2u2rflvzishwgqkxo6lkjsdfesd3r4k6sf4gdewc4lha
humanrightswatch.i2p,5vcuwr55spq6goh5yeggz7cp7saw6xx3akaq42vj5ckh7km2dmna
hungryewok.i2p,to3afquvmrmk4kvozisb562elb2hdka6hwk6oeud32m6h2qtkcqa
hutor.i2p,vouttzj22msx7lcpgybfhbqoignrawsgo2sg7g7ml5kyuugbbkza
hypestat.i2p,t6r6fsquaze4yo2mfmzyecbq5xe6y723lwdow2n55gd35cjrzrgq
i.i2p,incogniteqtvrg4oydx7rif7yntws5rkhvbqprrbabwwfrmd3j2a
i2p-mirror.bandura.i2p,aq7r54ebou47b533y5seiod7dc3aeycucevl2pqvphnjhjwblr6q
i2p-projekt.i2p,udhdrtrcetjm5sxzskjyr5ztpeszydbh4dpl3pl4utgqqw2v4jna
i2p-radar.i2p,itupusaqvezxykewzagnlngjbjukgwf2pyzyikz5jezudhh42tla
i2p-yacy-tor-whatever-instance.i2p,enugwhfmyrip6xkd5vkisemyoe6e4utq34dsst5apc6cvosa7yrq
i2pcraft.i2p,pkhcrpvyickdaobvmmx2knjixl5a2ckrpavixvxexhurc3n7uemq
i2pd.i2p,4bpcp4fmvyr46vb4kqjvtxlst6puz4r3dld24umooiy5mesxzspa
i2pdocs.str4d.i2p,yfvbtrhjac3jutdsqzugog6mbz3jtyhpwovrt2mqc5mzv534y7cq
i2peek-a-boo.i2p,qgv64klyy4tgk4ranaznet5sjgi7ccsrawtjx3j5tvekvvfl67aa
i2pforum.i2p,tmipbl5d7ctnz3cib4yd2yivlrssrtpmuuzyqdpqkelzmnqllhda
i2pgame.i2p,games5mshyjy6sz4xtci25kidfu343isjeybzrs3nbtxmwdom4ea
i2pgames.i2p,games5mshyjy6sz4xtci25kidfu343isjeybzrs3nbtxmwdom4ea
i2pgaming.i2p,games5mshyjy6sz4xtci25kidfu343isjeybzrs3nbtxmwdom4ea
i2pmetrics.i2p,v65p4czypwxrn35zlrfkar2w77vr42acd7gbszegsrqq4u7sip5a
i2pnews.i2p,tc73n4kivdroccekirco7rhgxdg5f3cjvbaapabupeyzrqwv5guq
i2podisy.i2p,3c2jzypzjpxuq2ncr3wn3swn5d4isxlulqgccb6oq5f6zylcrvcq
i2pseed.bandura.i2p,2bpbnalf76ktxzhfekkwcklmo45xzedi5em5bdoyedrhw5bhvtia
i2pseed.solin.thetia.i2p,ljobz6bbaaafxfiteuzz7wl4hwjhr2brkf422ghxz3ob3yyzoyma
i2psurvey.i2p,pemwrlamhiiv74ok4kwoo4eqwzzjshp4q7ir3nlh4jfnt4zjncia
i2ptimes.i2p,563tjwihw2ql5q2kl7d7md7ywedpapoqgkxgazkz4gmlrb2flqbq
i2pwiki.bandura.i2p,isbf7tzeyrutnd5rvmjpqaohe7cz6onqgci2wvbuyfwc62w74r3q
ibft.i2p,ds36spqcf7dnj46in5vfnbbwcbjpslo6aafkdrkc47a2oq3zvtta
identiguy.i2p,3mzmrus2oron5fxptw7hw2puho3bnqmw2hqy7nw64dsrrjwdilva
idk.i2p,b2o47zwxqjbn7jj37yqkmvbmci7kqubwgxu3umqid7cexmc7xudq
ilita.i2p,isxls447iuumsb35pq5r3di6xrxr2igugvshqwhi5hj5gvhwvqba
imagehost.i2p,a63cchmxy2ygp4euaemxaxapgley6mby3n46en5st7oaz57n2cbq
imageproxy.i2p,zfpeor5qj6r56hg3rquyo6zhe5cn2alfsx35cwuqe6wasdlw4rxq
in.i2p,r5vbv2akbp6txy5amkftia757klgdy44s6cglqhmstpg65xycyjq
incognito.i2p,incogniteqtvrg4oydx7rif7yntws5rkhvbqprrbabwwfrmd3j2a
incogsnoo.i2p,dzakkjo5pqr3yrhk3c6orww4q25eoh6yipv55kcyztzpckgvhakq
ind.i2p,nizydqggun7f4gfb5fb66tdnqi3twxemjmj3ghewg3rfu7sbsgda
india.i2p,367rozp2knnhk7fpiglwefadxo7zzicntrqnetgms3ciojuzf6nq
infocon.i2p,ic7rentjh6ilzz6p5kveiuyzov534ksfcexmpeniyallzf5in67a
infoserver.i2p,jd3agbakybnhfvkeoxrx7t33iln6suzomv3kxkxf77j7rkonch6q
infox.i2p,qoz4bwrtnicqyxemrxubdc65uojrqn2iem6v55b6xmxzdmfzcvlq
inr.i2p,joajgazyztfssty4w2on5oaqksz6tqoxbduy553y34mf4byv6gpq
intodns.i2p,4u6zxnqq4vxdtcxpogevmomrbny6taropyv4q25anflm47esiy6q
intpolicydigest.i2p,bwt7kfln3xqukmksl3v7mvodx32efk3nn46sfuh5ggnmn5npaivq
intr.i2p,6jaqgde66kdsqct4ptzdj2vd32kblnk5scgwoprtmcreqbhobuhq
inv.vern.i2p,verni6dr4qxjgjumnvesxerh5rvhv6oy5ddeibaqy5d7tgbiiyfa
inv.zzls.i2p,zzlsbhhfvwg3oh36tcvx4r7n6jrw7zibvyvfxqlodcwn3mfrvzuq
invidious.qwik.i2p,pa7eextqat4wg35onzs4cnlhqa3gvzen243bcbrng67zyla4fqya
iranfreedom.i2p,tn4qkhzcyu4vpviqbx4ilpqykpvui3sudhca55a3x67pvxtl46za
irc.acetone.i2p,qyzbrdw26ejjdjzsrcmq5h3ggdzk6cq5xynrgee5t5q73gq545yq
irc.coldhell.i2p,d4b3dcqt32yq55b6ct6f4rsib5svzgwkfz4klfczuz7e4p2v6rkq
irc.echelon.i2p,ez2czsvej5p3z5bquue5q3thujcodfze7ptybctqhnqc7hms5uzq
irc.ilita.i2p,5xeoyfvtddmo5k3kxzv7b3d5risil6333ntqrr3yvx3yubz5tk3a
irc.intr.i2p,vtmrsijgdcfqmfn2dfcwhmottljlwayh7wmrr36p4uzwqwlofcaa
irc.kitsune.i2p,cpesprosbsuycn4ui3neidqdtqz5ufekthob7cobl3p7bcuaoh3q
irc.nerds.i2p,nlqhsdd5a7hanjea33mwizg5ixh3xcv5dczufpf3qcfpo6tx4esa
irc.postman.i2p,hhcy7zznltay2tzwdvtd37g2inptemz3hk5zmxyi57d3sxgxbseq
irc.r4sas.i2p,hodhusp73gltozgrnianlbploon3rrvhrzfn5mf2g46o7aaau5la
irc.ukraine.i2p,hayrs23lx6p3nnsae5xikjuupwwe6psory4fvfa4vvdngzxagh4q
ircs.nerds.i2p,w4d6hj3q7eyfrkb3kcy7rox2fdjzywypvmyrudtf2q4gdzs2qlhq
itphx.i2p,zwu2erk3wtyxlcbmd73kmxcirjghdkk4lpupy3xcavpm3qbob4da
itrus.i2p,xb2msd3hla2ziblb4rpwq252wbcab3affvx4megrw32zhnwkzp5q
ivorytower.i2p,fpwrfvidfexsz7dspofkwtkmmizm7lyralfz5kvykffk7gubvxsq
j6.i2p,heh6666m6vl4oj4kyirz3ghg2pnlycpiluvdms7pdxns6gbpolza
jacksonchen666.i2p,se74m63c22m37zteameiijr5ld3oqrke3pmrrx7xwmbli5thfy3a
jakob.i2p,mtgqjdrqqpovyhx7tortulrnvakbptsi3w5yintmo6lqapdd3hnq
jalibrary.i2p,epsdonclth2wwjwumidpzahe34c7yjpsrqvkfpaev3l5k67qpfkq
japantoday.i2p,nekm2n7m3s7gdwr2grq2jycxuu5vjb4vu7yanh7a2tili2hszooa
javascript.i2p,idxpwvskkaq3pssrnqpxmiilgeqwf7d2hf5xpusossqz6r2nudva
jbo.varikvalefor.i2p,3flbkdhahkgq47s7vytubh3v4vk3lyqgwwh6dd2k5szqlrivdmta
jerryhome.i2p,a7hwc5yka2cvgg6ggzogbukhmr2mzvjmtorljtv4bqwztc366lya
jf.vern.i2p,vernaaamyu2hcxaoscotjmivcqhqdn77bbftpbilmrbcxqt6f32a
jh.i2p,onhodj4n4nqkhyxzosebsq2ps4wupj4qzqdhpi7r3zrvxnc7nbaq
jikx.i2p,aazr55itvyns4lwppvx5njyx5tjdwemw4w6jbmpegdunznod2ieq
jimkiebs.i2p,epqxjestvatyv2ala7iqbm45elnecqecz2zmpoklzvekwjapu45q
joshuatshaffer.i2p,suisdypw3dqjt5k2oymfifv6mqjt73zst4jfahh4olmgsk2mqkvq
jstordaily.i2p,krna3rnh3fwl4me4jm7vtxxy5n3v45u3cszekgboib6rihu6uhda
jurist.i2p,tqvtpdf7idieqjxwlnft27e3k4hjqpautm4im4dpbfw62j5yggoq
k1773r.i2p,zam7u6vslhemddz347uusuzjdk5wma4h5hcmcqlng4ybbpdbjhnq
karamba.i2p,g2lizyuyzms7m6gv24pzege5zapbinxfd2dzbaha6k246pl2xu3q
keys2.agentoocat.i2p,irwtxxqsuthiqicyugzuxmrdc3rx5lpm3pjmxnruxmbdxntn7cqa
kislitsa.i2p,khceo3smaxtng2tnuicmcbhdnkk2j6myi4nkigcux76qh3aabdhq
kkk.i2p,kukluxklanib666d73z5fyeyb6vnystmvvreaodhjf73rhl4wxva
klarheit.i2p,44f7pe6ipre57xzhoubkhqglyatlq4tl2tdyfr2uhpkxbuakvkuq
knijka.i2p,knjkodsakcxihwk5w5new76hibywia5zqcgoqgjttzsausnd22oa
kochkin.i2p,f5fjqgseevvoe4qo6rm4qoqennoj766orxsuopyiyjueqfm77nca
kohlchan.i2p,kohlchanvn6vtsujobyw4pt5naaszmxqutd5hsdatmxfe2qaqhya
kor.i2p,korafble2jftgvagce4v5zuxegsqprl3xqvpi373bhnjdzj62joa
korol4ik.i2p,mr3z5lggdppc3yw2r2egstpg33ga2wfocmozac6kjmhhfk3asm2q
kot.i2p,253r3uqeeyojv4zrybvrrkvvxyruyfqi2r5fzvncaeu3yy2csrta
krebsonsecurity.i2p,xqglpgrpbdqeirurobtqel3xqt3p277iiadpz256bzxmtlbyq6ea
kusoneko.i2p,7orwmkhapanwcbmlk7djhcpmnp36mf5khlbc6372kiatnuxsrupa
kycklingar.i2p,gctswdhp4447yibxfbqg3uq2bvx63qjeqnaoaux75zw73leakyva
lambdaplusjs.i2p,l7jqnz3yfe2wtwietafoieadmgqbu7dcmzmey63ktbjtxal3he4a
landchad.i2p,erjknueqdrlf2kvinqxjmgyx2t23uh2qlugzp4jlmr5xojfek6ea
lbry.vern.i2p,vernb4mvgeej5kawfg3tm337sbihdf4i6oy7w4trirgsnaq67zva
lbt.i2p,5uhjsgyca6ggdvwjjwf67bcmalpbxitopupjpygtahxvkwlh5mzq
ld.vern.i2p,vernz3ubrntql4wrgyrssd6u3qzi36zrhz2agbo6vibzbs5olk2q
ledechaine.i2p,7s4vtwkvxvmigj3r4zrc7s5ajdeqtris4qnj3n35cuuvuzkpgqsq
leglasen.i2p,q6tqm2klaavlsfqjci2naul2nj57fbxvkwujmqdv53plhdxxi6mq
legwork.i2p,cuss2sgthm5wfipnnztrjdvtaczb22hnmr2ohnaqqqz3jf6ubf3a
leopold.i2p,leopoldoipmm7xqqu3bo2qcceia6rjuxeh3r47ty2ln53xlx2poa
letsdecentralize.i2p,mqtlargpv4247iylywxw6ibi6qpz6my5duqm33c4lcdhjg5yfh7q
librarian.i2p,libraryqm3jp3ocamwg3tvzuotjj55zg2gymkdmxs4rbo6vubfrq
libre.i2p,libreadgae6bz3vnyy4p7p3cmseb7igmeduxik3abvbavxgcflaa
libreddit.qwik.i2p,woo5ugmoomzbtaq6z46q4wgei5mqmc6jkafqfi5c37zni7xc4ymq
libresolutionsnetwork.i2p,bilixn7urne4gb65o554565rl7tv4vzo6ss4w5x3pwc7pnlsnkza
librex.zzls.i2p,zzlsaymhcfla7vibo3a223bybeecu3bd5z6rmw2u4y76maqeu76q
librey.i2p,libreyqmoa2iuihoyyscolhaymrxxgdrmkgmiufnyaukwub2c7ya
libxsearch.i2p,2kcjgpploh5y3v6pb4cii5bypgvhjdvvp4gkl7yx26eetrcboxvq
limak.i2p,jzoxeuuqt6wo55pvt4uh7o5i47oyadrvhyjli4hidqldhihu6lna
lkml.i2p,xnytorawa5vfykram2qnqks5zaef7s4ckvaayvq4ksih46mq3luq
lm.i2p,yeyar743vuwmm6fpgf3x6bzmj7fxb5uxhuoxx4ea76wqssdi4f3q
lm.vern.i2p,vernyxzw3aktrg3v5qpkj4eyiwc4iucdw3czwesop6f466joq6wa
lodikon.i2p,u3f67staiwhqxpacya3clmvurdwd2kp7qcthzhstqnhrmlwc2g4a
loli.i2p,loli5jkwjnc2o3gcouk2yqs2xqhe4dboxvqxmae7t2kzhpsbipma
lolicat.i2p,2mvlbpgzlawdxqv3zlcgcje475kv35ow2itpztjpdqegbtjpvbda
lolicatgirl.i2p,j5e4yuvj6sohm72ridl465gpyupcuci7be4t5k7widuqtndcvbla
lolilinks.i2p,udakvew5f4afbfey5ttuz4vsx63tdiasymmqiqvapbnwyjdan2ga
longseason.i2p,ighnngssgd6p4kyrec6m556rasvbtx5xe7bsyxol4lie2dibi4da
lr.vern.i2p,vernchoyi4qjf6sz5vi57sskoelw5lsf53u62i5uvktzpa6sxv3a
ls.i2p,o2ymrkqeolwbqbtdmhrogomfobehgvxqfzypu5eufcza46vrafca
ltgc.i2p,3rniool2rdvhlhv6sipgc2khzdemd53b5bvhgzfd432eych7lg7a
lulu-cats.i2p,t2uelxrhuy7xn3ffcaiiwwmgzqidporkyzcv7lq77iwao7s6fr3q
lunach.i2p,rju7h4gwust4ptaiqhql7m7nvor45ez5675v7r3rza2egskkrmga
lx.vern.i2p,vernziqfqvweijfaacmwazohgpdo2bt2ib2jlupt2pwwu27bhgxq
m.i2p,mercuryum7qg6udiuhhbmzkw5462q6d6c63v3fidnruspoe6aj6q
m.intr.i2p,dtz2dsbkpm2j5x2unbd4nykqadaaulxxlzg6mnf5njhnhi255khq
mabufs.i2p,jqtwxqfixgitdlzvmsucjyu3t2hvuzcjvop65wvq6r3hpxl7vtoq
madeinchina.i2p,3cqqitwm7rozi5belawapiere633d7cdlilgjx2jwhqtcqnzmc3a
mail.i2p,mail4okikc3tknhn2tfyqzq7mxgzltqg2tw5v5frtzkcsm45zdra
mail.vern.i2p,vernczqka6xy7ounc2t72aqgctupgnha2qfr2r4qbf3ik2tcdmjq
major.acetone.i2p,majorivqe4wud5ksadgfycdkgqsesqbbnw4hpgcqfixy4sm77f4q
major.i2p,majorwsiehucyqfqbw3g2on3xqq2pwrwdd6hhyludqqr6ct7xdoa
manupati.i2p,7lemvxgn6yuhjpxwopu7knuiwvrc3rgwvzzhakxk3smcffq3bugq
masflam.i2p,ucvzbekxpbzfizwndx4bgsj5bjbygdu4vc3xukiseiw5bvatxivq
mathworld.i2p,cqu2vqkfkfkfk6spicgtrbf663dkayhzkrnn6ci62ab4w355t3jq
matrix.i2p,pbm6jogo2u2rflvzishwgqkxo6lkjsdfesd3r4k6sf4gdewc4lha
matrix.kanpai.i2p,kanpaiehzmk6l3igtj3mznvyt5stg6r6m4elklhaqlqfbxgmsida
matrix.varikvalefor.i2p,hepmlzewubrnidlbgjhgd2aaghiewps262tghwspnwchjmjz2ura
mayvaneday.i2p,zli2qsg54w7y42vgw4xxlnj4nktcpg7xp33yjxkp33sjafvznbwa
maza.i2p,wiigkmy5je5ox4byjt7z7fh4btojbixbmfv4chnzqoovmgnvdpoa
mc.r4sas.i2p,qkpmajnvhilmwxzwd53vdigk6dagz6zdqynm6knsvs3yb35gglia
mdleom.i2p,ggucqf2jmtfxcw7us5sts3x7u2qljseocfzlhzebfpihkyvhcqfa
mdn.i2p,u6i4kmhypgs4ccd4hae3rstcayvwl45wufeglwvcmha7jqqdtfna
medlineplus.i2p,dna2hvzzy3ujn3cp2oxighcrh7h4jlzsc4la7ekikaqs2p2h67uq
memes.i2p,7redh7wvwwqvz7m5agqgvqtwo6vd2ypxj5hn5ai3w4zf6e6ujy5a
mempool.solin.thetia.i2p,ega2kbe6wp6q5nqnufha23hohlhcxeqo45spwyx2hehqojqwzhba
mercury.i2p,mercuryum7qg6udiuhhbmzkw5462q6d6c63v3fidnruspoe6aj6q
metager.i2p,4zdcetlcp3tdg5h23gd3aeyzbvodepid7a6mb3w4qvxkdnm2by6q
metator.i2p,meta2ztenfbd4meh6bqvysngyyc343h4rzh3qenwk4po5jzfhy6q
metrics.i2p,z45ieamhex2ihqv7oowk5fz4qq47rbvxhhhbaaiinpajbhuevtpq
mhatta.i2p,o4rsxdeepfrnncsnjq675xogp5v5qkbfgbt6ooqeyfvlifobrjxq
mirror.vern.i2p,vernxqcyexg5qsmtel4fjs7f7o6uktrqwuhqc4dde4xf2l5v55aq
misanthrope.i2p,ank7ffebierg4b723d3ytbo5q42wou6552im4w2mnw7rh3dqlsxa
mises.i2p,x435a4rjqyxocs66rlievowknwjn77b34e6qkrwrykxig7k3wxoq
mk16de.bandura.i2p,rrllz7nkoeaydqzc5tqdexbfpkvensi26nqg3ly3cxrm5qt6m5sq
mmgen-wallet.i2p,xi4leavi7voe336oosqzjai6s3qvc4g6uaxks72c3lqhnswngxcq
mojeek.i2p,zc347qqc4pvo7lf73rhuhthd3i3g2v5zgnsqdoklexx2bcau7rgq
mondzorgkerk.i2p,ovvlw2kwc27h63ibdl5i5fjqpyms4iwt4qr4sohamugm4sslht2q
mondzorgoostburg.i2p,rnglpeo3yiptynpodj4iqw7i2oyteq3sqm6cplznxztdrubr7lvq
monero-node-b52.i2p,b52et7yntibxysfh22mivuzfsgqbpr3xneng7tg6wpn23czannna
monero-node-ugs.i2p,ugsgpdk4g3gqxni26turm5b5edbkz4sugrxjuhddnyv23d3zooxa
monero.acetone.i2p,moneropqhxs7jbsp3u7zqa7khb2gvfdr52g3fxnhk5samaxbh4na
monero.i2p,h7vq2pv7ugku2mk4brizl4trg4pjpe6vsfe5sjj3ndqgtrcq27ha
moneroexplorer.i2p,je4vbduigce7pgjivvo26d4abn3u5mfsos5zemp3a75xzcv7nm4q
moneroj.i2p,5mgxczl3p2dqztbfuwidpfqsvjqyank4fetpq2klmioli5ohfata
monerujo.i2p,puri6y5dtwh6zr4u77ep6ozatun6iz7v4wai2dzxppz7654corlq
mosfet.i2p,s5ynkgagndmpxpf2kmnenv4x72io664gzd2x3qef54ilammnte3q
motherjones.i2p,jfzxtbqixfcpefdvtvok35uhevh7dg6csj6h3tel3cik7d6raaba
mozdev.i2p,u6i4kmhypgs4ccd4hae3rstcayvwl45wufeglwvcmha7jqqdtfna
mtproxy.ilita.i2p,vxxfipsygx6jpz57pmb3d3mjgsk5ls2idxeo2bffs3yp62muyq7q
mtrx.vern.i2p,verndnomc4cnte4aw7yrfpse33vrw2nlwoxozxmf77zqquk6ea7q
muc.vern.i2p,verncclcdsfjlskybpwms4smkjhqj524njp7ypmmnus5xkyiv53q
mumble.acetone.i2p,plpu63ftpi5wdr42ew7thndoyaclrjqmcmngu2az4tahfqtfjoxa
mumble.vern.i2p,vernlt2ydc2xvpy2vbcmgxfycekwkofkciwmp7oz2y6psneanlqa
mundinomicon.i2p,ta2p67aomu3ab3gmampybnkchcyvwya4yksjkzrzr2utu2ayb7cq
mynero.i2p,acruexirfkgcqhwxyu75v7dtahr3a44hmbfygngsvubmkrbd6axa
mysu.i2p,acruexirfkgcqhwxyu75v7dtahr3a44hmbfygngsvubmkrbd6axa
nahui.i2p,ik7fv53jiuyrnu7csmwsw2amnh744cwutg5j5x6bbwx765gnk4ha
nakedsecurity.i2p,hfwj3jjj6vqu2hqoq3hvtuavlspu7xl5hqiztg2vwkyqj5ays2aq
narratorz.i2p,hqdxphf6rergrvtgp7qgd5szacgsyyeihygojb5wmxugcrbnpkmq
natter.i2p,l2aoqvwkq2prrv53cbk4k2ilxw5s2fc7eo2rjunnixp2hrv3iwda
nbtm.i2p,zbqncutifwok3i2msimlgsusivvhgvstyepjwl7idgermyfoveja
nc.vern.i2p,vernzluj2od67vbf5drxxrhzekslgxnym7zc3mxgx7tfqndgedha
ncr-iran.i2p,cuupcrc4z25ivw54vq4c5wa6afxkvcviszfp6wxskz3a6sadp7cq
nebula.i2p,5tpsfdsp6m5cgci7efi6qiqcvsmrcer5r6bgk7f6voumabdlmg7q
nekit.i2p,axis6zcqacv7le2ms5xqaerecuk3jyrijifrstvxl3or5g5n4ova
nekofiles.i2p,rutorktnoonk3t4sxmv6g5rj6mzsilfwxcplvfybemssjrva663q
neodome.i2p,5hkhjehj3ct2pvcah7dcylwef2oti3xij5myxbv3pd7rocio5vkq
nerds.i2p,5wpwlbka4wj74rrnwbieopppgtivbqxljznl3bs542mxtvjz7ffq
netbsd.i2p,jjz5ajknu5rku4p6xb6i5xwjnp3nd6c3jwi2qnzbpaodyf7g2lja
nethack.idk.i2p,zcojbufszefu5bfht5cem3zlhfvv5y3jzpzbaccu3ehje4d7pb2a
newhumanist.i2p,rxu55pmke4zmmmuiek2kfoomtx36h5tggux66zdinabwwl7cl35a
newrepublic.i2p,pmjdbcyyfakr7gpc7xek5mo5cfckqjcntfs4jbhf2vtpbzuyir6q
news-i2pn.i2p,wwcqkwfo5yhe6uribv5tzylk25j5hkdk6gdnyftzd3k7dawlzwca
news.neodome.i2p,trhwcnygfkeqjj6g4xhmrdp4gsjqsye47lsxshbmwbten4ywt5oq
newscientist.i2p,iscnpw2krug2abhbhsba5lrl2fmcfmw3pt7zwajnbvimz2ahdeaq
newstatesman.i2p,gxesufhsf6vga2tyup3dr3viiwfsjvlak6lmd2hsmvcef4i3lj7a
newsxml.idk.i2p,dn3tvalnjz432qkqsvpfdqrwpqkw3ye4n4i2uyfr4jexvo3sp5ka
newvoiceukraine.i2p,o5budb4kwmfvkdbkyobqbkfkogoxqwgyu77mz6zxo4elrezqnt7q
nex.i2p,rdir7ttkd22qzrynsixhdst2jeg5wkkiqgtffcivsnbtt5yb25va
niceboat.i2p,nicebtcqkbdkdxoxsoi6x62lzsapwdkpcdjd74qc64odx3jgsuhq
nicksphere.i2p,nickg4tsj3wy3i23faxp5momjcnlwrvwl5ek5l7lkm5vrbblvgbq
nicolastech.i2p,eb73b62m2u4j75hkwd53sanwud4wdut7lwgjnttuzzi3nfoip47a
nigger.i2p,xk4vh2o3udyzb4anbw6e4ucmi7se5f7gwhhvqetc2vuwca7rp5qa
nikotile.i2p,4b4eoazmrbm3a25pvhvxlq5ojwmaycj4hb76t3rwith3mhxnf6fa
nitter.qwik.i2p,tm4rwkeysv3zz3q5yacyr4rlmca2c4etkdobfvuqzt6vsfsu4weq
nitter.skank.i2p,l2aoqvwkq2prrv53cbk4k2ilxw5s2fc7eo2rjunnixp2hrv3iwda
nook.i2p,jeyjjdr3fvy7suuymff55hwumrjhogolg5chwlvzdhqxf7t2u3va
nookd.i2p,jeyjjdr3fvy7suuymff55hwumrjhogolg5chwlvzdhqxf7t2u3va
norml.i2p,rbnyo7zao6rkibzqr5uqy2iloismxzpqlgcolhvlsutoai5okdnq
nostr.getgle.i2p,nostrypf5sz5plaifcueoc7ldspp5iwk3apskuadtwuckeu5lwha
notbob.i2p,nytzrhrjjfsutowojvxi7hphesskpqqr65wpistz6wa7cpajhp7a
notty.i2p,pbm6jogo2u2rflvzishwgqkxo6lkjsdfesd3r4k6sf4gdewc4lha
novabbs.i2p,bicoankyijabtj2nlwzjmr4mamybr6bgc6xclpvsgzaaalzhhola
novayagazeta.i2p,3phcz33nlmw6743isr4w36u3u5v3romtbzdymhtluz6vpl47pafa
nsa.i2p,nsetvbclpomqxfcit4mghn6z7vdhnza6jdzczby4crnto32uykga
nt.vern.i2p,vernzdedoxuflrrxc4vbatbkpjh4k22ecgiqgimdiif62onhagva
nullnyan.i2p,xkih5s3yp75pqdvwdqo3dq2vtkxg2ddnfawtdfchk6wmcthvdaoa
nvspc.i2p,anlncoi2fzbsadbujidqmtji7hshfw3nrkqvbgdleepbxx3d5xra
obmen.i2p,vodkv54jaetjw7q2t2iethc4cbi4gjdrmw2ovfmr43mcybt7ekxa
oc.vern.i2p,vernnpcugwla7wyimbdmphdr3kxccis2dtco3qh2lgqwvt6ephsa
ol.i2p,bnb46culzbssz6aipcjkuytanflz6dtndyhmlaxn3pfiv6zqrohq
oldmaglib.i2p,lccsirpbsjhcjqsmtn7rtdr77cbau346c5fpxioyo5g27coq2o4a
onionket.i2p,zeb5wwaq4tfb35ltzwqwnn3w5xnzj47kwoxxi4iwx5rf63e7qova
onionlinklist.i2p,zdmhl2zydlw5soy3jpaofbpq3pmuxc7trx2lfubeqryqd266jl4q
onions.danwin1210.i2p,zdmhl2zydlw5soy3jpaofbpq3pmuxc7trx2lfubeqryqd266jl4q
opal.i2p,li5kue3hfaqhhvaoxiw2ollhhkw765myhwcijgock5rs4erdqdaa
openbsd.i2p,ahwlj76krc5do77pibighi2frqmfccpezyiqfmiernvivwomgvuq
opendemocracy.i2p,dyf4zfvrfejqjlbdvo43gam7rncmg25kbudmv2n6er6bjjlw7htq
openstreetmap.i2p,j5cyyipig4ghhxbloxor4yoorph4wwcr4nklujbaxwy3dqbh2dzq
opentracker.dg2.i2p,w7tpbzncbcocrqtwwm3nezhnnsw4ozadvi2hmvzdhrqzfxfum7wa
opentracker.r4sas.i2p,punzipidirfqspstvzpj6gb4tkuykqp6quurj6e23bgxcxhdoe7q
opentracker.skank.i2p,by7luzwhx733fhc5ug2o75dcaunblq2ztlshzd7qvptaoa73nqua
orizuru.i2p,sgodkwyf3ngb2jpkhz4rat62govegwf4svlcoliimqb4wwxpaoya
orkillme.i2p,z734ayzs5jr2pmcnwxpxebrfkaqu7snso4zx4wjefjilsbsmti4q
orrentfreak.i2p,g2rgkzgsbwz6nguzaan6nxglcbtcngdldagdryji7ophllfvhuiq
os3.i2p,7ugh7a46mrcnhe42k3nokjncbvwtv2fkpxlvd5c6odlfdb7puaqq
outproxy.acetone.i2p,proxy4uwdijqxac2bvdx4fuhem6njmiwukuk2gelejv2nzxka2xq
outproxy.bandura.i2p,smaie7bxvpy53iiabfxkhmsjtqs7vzjcr5xxsysjbbobunwrav2q
outproxy.purokishi.i2p,nieasaidj7wy5nammqf4f7zzcdafi4apygwn5qwscpn4pq34hqia
p2p-node.i2p,e7uvwnpkzbn5zdwr76ujlhym4lk5pfkqhvfwivt3mszx7l4lpj7q
password.i2p,knmjkeabbhudejkikbzhhjqsb4r77o45vkdhve6d254quttfx3wa
paste.idk.i2p,qvgktychvlbmqwnoqgz2siuna7f5w764wgkbqcwogipfjzf3ksva
paste.r4sas.i2p,csen43keji3qiw6uobsgzysxyjd225g6446ylq5uuz6ur2glkzaa
pay.privex.i2p,cz25423yahhbd2wavtwupsbcbdg6wkn5vvh3466hbmmrzlu4wxyq
pb.vern.i2p,vernmeoccnhag24lturrfxjne2szacraslpbg3v4pmuv25gwb5oq
pehotin.i2p,e6tfct7qvso7qrseseubsk5hxn3wejkdivojqeed6i7hbj4dsmqa
pewresearch.i2p,rx4qgphwjowm6damdjsulutirzu7sbnpgqjpsrz5qeruvjcr6d4q
phayul.i2p,pw73c5fp6tdcm6qzfnirmskg6xjlytdijbstunq7v7x7itszfdxa
philosopedia.i2p,fy23h262hi3l2asqjfbh3q3lhnalcnio336r5cjdnzawfwzdzx3q
phorophyte.i2p,2rbl5zrxm4xpi5zo2ideh6zacozigqitggtccnns6z6s6fkkirkq
photosarchive.bentasker.i2p,w4lnfcg2chbkwigogba7q3o5pgtq2baip7z3z4afaj65axhyc5ca
phreeroma.i2p,44fu2fhq6q36re2xqnkuievdfsroi5xchgbowkqib6ekak3ynm6q
pidorchan.i2p,pidorgmob3uchxfepm7ywvfbjwo5f232us3lkegvbolwv2qybesa
pilinsin.i2p,ybf2sr3hmqveyncnc5hoekfkaq3i3fsh5yzdfuu3lzapy3zmlasa
pinach.i2p,pinachiojrocyrpw7l2e2hwrgyiwe6wqks47do4f3p3sldqg6lta
pisekot.i2p,p2rctojjgwcwq64j65v4gy5unjfrpoofnbpvpzcdhio327sujvna
pizdabol.i2p,5vik2232yfwyltuwzq7ht2yocla46q76ioacin2bfofgy63hz6wa
pjes.dlugonos.i2p,meofef7zoppn37lxtie2gswgxott64px7tggssnaihdhwloqk3ya
planet.i2p,pztcztaklof7s4me2vgtdddzesnunvk55zke6oz5e77ci3qk64yq
planeta.i2p,mo4d3nbhdwz2sspoiunoaw7moiwiw7ttrdkyhhucnnzhse23lvqq
plato.i2p,xa63kqklf6jstqag5wc6ulerdj3oi7fwiqftgafvf2emwa4rmuoa
play-it.i2p,oxt7gdu663baue7lugdmgxqkmtrfdy2izluneqdrpv4pfslxjlta
plus33.i2p,plus33kbfdw4bl3vsqexahklbkypbxx3kgrffy5utqjbfnesghdq
pocketlint.i2p,pocketzsq4r4fef2bw57sn4paufjh5dw75azu5sr4hk2qwdvucsa
podger.i2p,56pcmc4rxmtzs6ojvszpiqmh47et3m6amh7kfszp4wbvz2jbpnya
polistern.i2p,ztqi2zewgtifrg4efs6eyxxi5www27ymley3aiz4obhulbnszlva
politchan.i2p,polita22svntsn3z77nlclkodmqmyby4g5pbsy6guldudcigpi4q
pomoyka.i2p,omt56v4jxa4hurbwk44vqbbcwn3eavuynyc24c25cy7grucjh24q
pool.gostcoin.i2p,m4f4k3eeaj7otbc254ccj7d5hivguqgnohwelkibr4ddk43qhywa
pop.postman.i2p,i7vd76psp3oyocljiqkoyz7fpr4fy2xq2asclf7qih6k57aj5xrq
porest.i2p,46l7beij4rerlbuj7xmcngarlkhlpgaztywrleiwagjuiipcebbq
postit.i2p,u2s72o67iw26zmwbdsty4bmkoyrvhtpaqmtsyuuvwgg4w6b2xceq
pravtor.i2p,2sr27o5x2v2pyqro7wl5nl6krrsbizwrzsky5y7pkohwh24gn6xq
prep.i2p,m75ju6qf76gc23556m2t56kb7vn4anvn5x5y2gmsqv7wreqcapcq
prepper.i2p,m75ju6qf76gc23556m2t56kb7vn4anvn5x5y2gmsqv7wreqcapcq
preppr.i2p,m75ju6qf76gc23556m2t56kb7vn4anvn5x5y2gmsqv7wreqcapcq
prestium.i2p,ltq7cdddhhgrg6kruj3fyy36tw333y6x2gkxlblt6rekctaetvrq
privacy-handbuch.i2p,3cccw3cxxghkalgichofulid36ekwplv3stubvfot522mwxcnu5q
privatebin.i2p,e7qy5kc7ivqtnrbdn5ymx5nmbdedlrjkdchqmmkhud4ockrime5a
privex.i2p,omgulpderyhggjbaksgcccvjk76yvbp5rsnm4uos2mqfe5iv765q
profile.community.i2p,profilepr7knh4pwfuuxflk6lssposcxrsxxhyz6dg7g6e3mgihq
programmer.i2p,cm62ucwrvbxzznqhjtwwkma22kzxbxsfcs5w33eo7r2aartu4cdq
programthink.i2p,programygfltn24q6foacm5gbuo3z2geub2k2k366llx3bph4ula
project-future.i2p,ivqynpfwxzl746gxf376lxqvgktql2lqshzwnwjk2twut6xq7xta
psv.i2p,pmzcuml2oi2ok2h5i6cepcyxxjrughzgliai6hzspdlyt2bucy7a
psy.i2p,s3elzoj3wo6v6wqu5ehd56vevpz2vrhhjc5m6mxoazicrl43y62q
psychonaut.i2p,laf5nvzn4wz7ndgtdysmhvebpyjo3fkth7i4z4c2kp7su3wi6e2a
pthc.i2p,sz7pz6nilondj4ubnuo4v2ffqayoxhu7tdlj2gjxzg4rvqekrdfa
publicpeer.i2p,k5zbtjx2b32nb5gbduguddsay67d73t326tv3xfmqvldnncl7y2q
pubsub.i2p,kse52thhz4srsf2ibw7zj6ua27df5a2u5gnqgf5jxwvranbw6mpa
pull.git.repo.i2p,3so7htzxzz6h46qvjm3fbd735zl3lrblerlj2xxybhobublcv67q
purokishi.i2p,ia55kcrvskaitnxegirubvderl4vhva6bwkiducbkma4scy2rhca
purplebote.i2p,t4tp2yklquiqu2dikbhpggnggb6ulcl6adlt5yewckafgxxxo34a
push.git.repo.i2p,jef4g5vxnqybm4zpouum3lzbl6ti6456q57nbyj5kfyldkempm3a
putin.i2p,db7wujc7nh45omtzrsnu3lb3qheevpcoyzu2cvvedermj7bnalca
pvsur.i2p,pvsurxi2hz2n45kfrj5b3ny6ko4ipj2u2piftjen44npkpnbwh6q
qam.qwik.i2p,4mk7jpqmvxxubp7elapuoawccnvymayhfjsot3pubcjjlf4o5efq
qr.vern.i2p,vernnflenvsqccuanaun7yydnmturi4jkyxlyzhn6ultpje66c3q
quadrat.i2p,dj254pvhzdd2f2zum7vmfg5z5nypzccdpoy74pjlodtu5siwxvna
qubes.i2p,ky4ltwjczjdywjiaq5elqw3um7bpwfgijjicjai3flup7er6asfa
quest.idk.i2p,k6stkvw3jr6of4j5g3pu34jowfpl4k4jiqih3yozhcvinkok56aa
quicillith.i2p,mn7tacfcuy5zoetg6p6eklpfawar7rdj6b543y2efh6xasiat6la
qwik.i2p,yblgkllzgodhwvs2fm46y5c4623honpyswwnyja2evikn26nlkma
r4sas.i2p,2gafixvoztrndawkmhfxamci5lgd3urwnilxqmlo6ittu552cndq
raccoondad.i2p,utoagugf3imr6mpjsithhnpvvvyehsnebisovn6kqn4vma6va3ca
radio.arav.i2p,plkybcgxt4cdanot75cy3pbnqlbqcsrib2fmrpsnug4bqphqvfda
radio.idk.i2p,gqla6svl56uazumw2a56rzmvfmcr6fb57bm5kpbb6oibqi6o66gq
radio.nerds.i2p,tpbfxyluryodtfxdpwsfvw7fl35p5ezrjk3tlcv2atlmc4fl2ctq
radio.r4sas.i2p,cv72xsje5ihg6e24atitmhyk2cbml6eggi6b6fjfh2vgw62gdpla
radioliberty.i2p,libertyx5gywnmn4snrr2fborvugmthl2x5vf3rh43v3744kmpwa
radioplayer.i2p,5tmr7qghx5eecoyvi77rsy7fqxeoyqcdpvg5wasoitn6ywkyobbq
raklet.i2p,j3vnnihngp3ti2trktoxlyblltjn6gxscbmasb5zun5pdndkxkoq
ramble.i2p,smv3cryi3n7d5ll7xpvlhstubi5yj4dadeltyrdwdr4onwd2jvvq
ransack.i2p,mqamk4cfykdvhw5kjez2gnvse56gmnqxn7vkvvbuor4k4j2lbbnq
rc.vern.i2p,vernzzwbnjy6ro2zg5rxgo7eylkcyi6zuf4hhvsdbwvvxa3grsxq
realsite.i2p,ffacpzudiclaqh6fkck7ungeacfoafvijduhmwvnmp6e4jridhta
recipebook.bentasker.i2p,ajagzagm5uyc2oac32ycx42znnatejliqorbk3y66xt25guxnh2q
reg.i2p,shx5vqsw7usdaunyzr2qmes2fq37oumybpudrd4jjj4e4vk4uusa
repo.i2p,uxe3lqueuuyklel23sf5h25zwgqgjwsofrqchhnptd5y6pedzbxa
repo.i2pd.i2p,ymzx5zgt6qzdg6nhxnecdgbqjd34ery6mpqolnbyo5kcwxadnodq
repo.r4sas.i2p,ymzx5zgt6qzdg6nhxnecdgbqjd34ery6mpqolnbyo5kcwxadnodq
retrobbs.i2p,mnn77stihntxdoade3ca2vcf456w6vhhvdsfepdvq5qggikvprxq
rfa.i2p,k4d5izeohku5xus7ci4ph2lcsitxtco46etvqif5cf2tsc56kpwq
rg.vern.i2p,vernu3bfx2rvpuaccs5q27yncv6srdijkan6ixbkvyc2lsbrslxq
rimgo.i2p,rimgov7l2tqyrm5txrtvhtnfyrzkc5d7ipafofavchbnnyog4r3q
rimgo.zzls.i2p,zzls3ubaix5wjfar4hskwqnh3vvwvrzoxsvcx64on2aogcxrvhoq
riot.vern.i2p,vernltmkmwexhk77dlxmqlet3djveje7gcq7lwy3l5gkemxysy5q
robotica.i2p,cbxlkljfxllukku4gws5eduqmwdvwph7s3yp35uxr3veoigrgj7a
rollingstone.i2p,y5edab4637s2zmqhxr2o7v4oc4p3pwg3vtkpwmqsutjiuunvfs5q
rslight.i2p,bitag46q3465nylvzuikfwjcj7ewi4gjkjtvuxhn73f6vsxffyiq
rss.vern.i2p,vern5vicrpk2n4knr3c2qfyu5g4cjiwiulqa4txrriske7vyv3ta
rus.azathabar.i2p,6gp6ykan6ovr7p6dln56msvmdk6nrtvzoypz5dbhkkt4bdnryjna
rusirc.ilita.i2p,mjsudehdlutbd3ze3lnj5qh3pfuxqx7msbydxt3nrmupgz5tfaoa
russia.i2p,yycwiaemebdnhbw4slrxxscgmaoaxeqsxpxt3wgukhtl2ood66qq
rutor.i2p,rutorktnoonk3t4sxmv6g5rj6mzsilfwxcplvfybemssjrva663q
rutracker.i2p,ujyqbawolalwvdpy33v2wjuaspnu4ym3fsl3fd6mldjblzzqlvlq
ryona.i2p,mzt45ux3budteuxz2b4xkwnphgspgljuwp3rxm3d2yr2sij6wopq
s-config.i2p,atlkfvuwwpgvnw24dkwyyxf5psrueozxb3i6zgebymjuquuquvqq
satoshivision.i2p,rn5c533w5baghskquu3gtqlehwjkstzzbk5chbc5qhivsz3a3nqq
savetibet.i2p,wmzruecftspzhnlzkkpofyq5ajsrss6tmcloijkzkmh2bijjqjaq
saveuighur.i2p,2lterjbhmdzvojvdkmjp5wfuhvle7smzvnlnjlep3xi72viy2mpq
sc.vern.i2p,vern3whzyfmjclq6snhlupma6nrmojghwp37tydfgqotj7sc6izq
scamdemia.i2p,fdkiv7o4kzaikwkw6hbn7iedidp25lv6eo7yeyeqxai3jz7mrvzq
schneieronsecurity.i2p,wkm77nck2v2ajols6t47ktivdqp7tiv6yignlv555eo47ctnli6a
sciencedaily.i2p,hxvbh56wdcyu766aueocw4hkzi3ptvrutc7bkxohcfthd2ufzd5a
section9.i2p,p2523eh4xmoib643cenf2ye5uxcx36hsqvqa43nkgkmkmygkuhza
securityinabox.i2p,np3agu3ekd3isrzqzvsw4llwlr3hg5xbw7n7a23n2zfvhhm4e7iq
serien.i2p,3z5k3anbbk32thinvwcy4g5al7dmb75fagcm3zgh4rzrt3maphda
services.apophis.i2p,2q2t4ptdkcffvgojunrwo2v2pkpeeyxarcqvejbdpune7uc4bzlq
seven.i2p,anqf44jmf7kby2qcvcx7gug6nuyansdu4msdbnp5kojom27rrm7a
sh.i2p,shorter7sh2aol5lw5i6hrbs7aky2ltpgwv5nkexirkddj4lyiea
sh.vern.i2p,vernxrhodyp3ayvrx4aeqqzojfsyk33oqujdnrbyd2y6l44elolq
shadowforums.i2p,dq65yxqpp6gcyo53y53eqouijhy7ameqxkcjthkr7wpfusqppxma
shadowwiki.i2p,63gxkfc4hlcbxrdoepw2i2hyxai5qkxmi636ag3y7sf5tq3imoya
sharefile.i2p,o7jgnp7bubzdn7mxfqmghn3lzsjtpgkbnpjjsn6ddevqbchz3rta
shmoogle.i2p,ehdatxzltyxfcwqv3jlloeisbcxsxdz3qhg2czm5mpchoryo7tqa
shoieq3.i2p,3fjk4nfk3mccch4hdreghnyijcvovsi3yucjz3qzj5sxngqk5j6q
shota.i2p,75xxnc5hkeg7a3z5re4cpybbxt7te3p2krgrrgoka4hib2nr7k4q
shreddit.i2p,l22fheylkzrn6hopzvw6fim7gyba7qxbjhjexyv7k7t74wfwdcxa
signtunes.i2p,hsetkcdjjwcedxdhgx4cokv33t2okipejolpum2lvvbncjijk5wq
silliness.i2p,dr2c7itqk566dxccmki64c6gujv6u5k2nnueel7ucbh2hud52bfq
silosneeded.i2p,bt2b3d7r6xwbc3jgorraenpaztipxpm7pc3vlw2jfpaqa2ueuj2a
simplified.i2p,dyioidlefvih6fqtslsjtfxuqrkdpy2u7sxunyx52mjbt6pbhkga
simplytranslate.i2p,mmiyv57bfhgc7p4pipk7jjqv5meuz5rjijoviquplvhxl3v7aoba
site.get-monero.i2p,uu457s7ace65mtmujvvqoea7zkxkahlwpm4teflq3jyn7p3z6jna
skank.i2p,qiii4iqrj3fwv4ucaji2oykcvsob75jviycv3ghw7dhzxg2kq53q
slashdot.i2p,7bkq3jzbvqirehxfo3gejnkfnktnhmxdxyuunauur5ucu5sn3xtq
slashgear.i2p,h3abq23rapeim2uobyy2c7mg7jspdaqroejrg4pkdtsnh2oycpna
slavasil.i2p,agq44fnv6kh7zgbr2xlptvhsshot7jy3gxddcje3fhpge543mila
smokingfetishtube.i2p,oenbn3apkcksudqsukjqvqooho3yzmd4iyjjd6obeaknlbom6mpa
smtp.postman.i2p,3nrunsrgeo6grhx6y6vsx7vibm5vabtockdbys3sqdmj6vha7k5q
sn4il.i2p,4ikbdr6bkk2q4jwyudwtqa6pwc2opr2qjoxqk3hr645nkndrl35a
snapwonders.i2p,6ymp5jqysizmejdwaqiehcsgjoyb4s7sbgssquishk66drujomka
snex.i2p,khwsofo5gjzlh65zoujnt3foovdryal77hqruihrcafef7vb6g4q
snippets.bentasker.i2p,vgduvgxudaceslvwlvtda6b4csobvczygcqpklm3yeuke2zgvcaa
snusbase.i2p,c66mhgeat3awidrvuny3jrynn7e2yer4yn56acjpbrbmknjkldpq
sockscat.i2p,sockscatwf7ruzuem4cjyltcgsmpz4wmw2hnaufemeh6unksheqq
solin.thetia.i2p,im4gplbgfknhgjxsgpuioogh2fachanltqryxsbxvaaibwmxrofq
soulibre.i2p,cdvkgn4mo7u74lrvfdga7wi6jqauvofxxgc6gwrtmgotc4lz7pmq
soylentnews.i2p,fip3i436jncp2vmpug5n6n3aceduh5zkhonxhe5pwvqd377oyana
speed-test.i2p,7lk5mgyi2knhqjjwjeiiuwlrn2rs2s577e7jh7z5rmbe2s6qkjpq
speed-xvm.i2p,rxm6zbpuynzih4q5ui2pgwauv576numfyeufws2cin3jfz4tkfiq
speedypostage.i2p,4jksqeqt2lsmzjonbig5nrb3fbcuja4mhumlv3ey7lgqs666zroa
spoika.i2p,u7uyxhgikc5ifj73oz6yedpy5pvtynbqo3n7rk5qyy5h5yhz4wbq
sportloto.i2p,sportloto4cqlq6uhzzvgsgd7rcsfu6mqtk7wp6zmzqwcpflbsdq
srachan.i2p,tc6zs7ddxl3vlfvug2ynvrklq2z6eslgwxj3gcksxs3tz7saseja
srv.itrus.i2p,pto4uupyr4fiawtfqvvljmh6lkzjl5xg2pxdf2y6pftv36337sjq
st.vern.i2p,verntblehhel4dx6ntyxkj4mryvic3s3yptzxewzwnldq3esi4qq
stackwallet.i2p,iznb6nejvt4cxbs6k7a3p2kgmctparxlbn6ewwml23iqq2gob5ba
starfiles.i2p,vnt23fy3n5qiwojrkcec2i3ac6w5gkacdyrf2gobid6xjnq53ffq
stats.i2p,kqypgjpjwrphnzebod5ev3ts2vtii6e5tntrg4rnfijqc7rypldq
status.str4d.i2p,ycyyjo3psqbo45nuz243xvgvwnmzlanzqbzxv3kh6gyjztv7425q
stopsdgs.076.i2p,fkwhfswsbz7lpp23tiapydhr5mhltcmx22vlgvbckz5avtxfvppa
stopsmaho.076.i2p,bublmm34ztfjfkevdsllh53chlputxx3l5xftk3cnqumksjk2lxa
stormycloud.i2p,46f3kyl2cwd5tdalegvkaqjfnwbitzn5d2lq4o5kp6keoujdhlvq
str4d.i2p,wrrwzdgsppwl2g2bdohhajz3dh45ui6u3y7yuop5ivvfzxtwnipa
straysoul.i2p,loihta5nf6edl27c6kl4mf5bikus7uhlhwe5cbhtawnktp4yzsla
stream-free-in.i2p,qxvjohvw75ratc52ilgsoo74navx5druypn2k5ymyt4en7za6ppq
strec.i2p,xez3hkntwaae6iyos3poz4v3elhpmr2abkhsogulugdpu3wwdzcq
succubus.i2p,suml4sbfkwljx2qmlu6otkkamzycsnfvc7o65pym7abauzh4f3pa
supchina.i2p,47o3b4pe5gxyd25tlhtfbxbiu7pujtoih4t5u3raagvnyxzeqt2a
support.i2p,supportpwqa4cc7q43hb67tgd3dvntrwsy6725iufahm7kiluysq
support.torproject.i2p,6r7j6jlbrxb35k32zktopvr3w3pidm2baymwol33hq7xmy2sqm3a
sur.i2p,ckhf6dhvw64tpn4m4ktysmqqqgrkcsimc7ilcleoowsldfdudqfa
syndie-project.i2p,xa63tpfoaqt3zru2ehxjjfbpadwj4ha6qsdvtcqtyr3b7hmt4iaq
syndie.echelon.i2p,vwrl2qmcif722fdkn3ldxcgz76df5cq4qypbndzthxwgmykyewta
sysrq.i2p,2utfaqw6lm6vax7xwhyj53u3uzmtdvmhvoc6druy5e3ue2by4ayq
t-ru.i2p,bkhuehxydyprxpd4372h4boyluardjogyuff5p5l3u7syguavz5a
tahoeserve.i2p,yhs7tsjeznxdenmdho5gjmk755wtredfzipb5t272oi5otipfkoa
tails.i2p,5d7sl23h4uer4czjdtlomkb6ykeiss6vqkxzausp6f6gmty2plaa
taipeitimes.i2p,dw77dxrzhfwbp7ktkeutjcc2dfygg55smqvyo5a4efkml4jekw3q
takipsizad.i2p,ufkhvmacngokfufxinfkdvfmbpvwvog5vrjiavw5zv32jnekcxia
taxi.i2p,taxi2pxjy7hnm3tdoa67ub5xancixo7vncdx3y5mnxxxfoyunlla
td.vern.i2p,verncco2oaxjikammz4pi7umzp673cme6zuemx7yeeewspwrw3va
techmeme.i2p,pvwyqrf4pbxbsigcxpubvywvng52hjxzc5mook3pel2c4rv64mpa
technicalsuwako.i2p,73pxqisewxlcjmbjyxnorg5ngq54ii6nmoxt3knaod6ggry7dq4a
techsuwako.i2p,73pxqisewxlcjmbjyxnorg5ngq54ii6nmoxt3knaod6ggry7dq4a
techxplore.i2p,cywzf65ws6k6nd6rr5dwmbuwg7bcf6wx3ukub62g2nhannsjoskq
teddit.i2p,k62ptris7p72aborr4zoanee7xai6wguucveptwgxs5vbgt7qzpq
telegram.i2p,i6jow7hymogz2s42xq62gqgej2zdm4xtnmpc6vjcwktdxpdoupja
testmk16de.bandura.i2p,gbdgvcv6wkwctls3tdx4ljmzo4zry3awrr37rkvrxcwg7jzjoyra
textboard.i2p,7ubwrcixdcemzqwqzh2vaakjsnochj2biuzpo6dc2n4f7wqj4pua
tfarchive.i2p,ywb2c7v5yly4xkidnivnvexqxmbychw7q4rtpwaccuyfuzvkhn2q
theatlantic.i2p,53it264vtb6uiz6i7zimbrlohavtypihwc6nqbdymvknn4u4lurq
theconversation.i2p,xuld7i6nwl3k4lo3gvzbv5f64ekhswtzpik5r2xbahcnrnehp4ca
theguardian.i2p,o4omprj72qf27nu6glfh7qhknysldjmmgmer7hzuvs7rr4otm6cq
thehill.i2p,nb4ezedp4cu6atagfmjxk7sr4g3nag2uphzfhpglqzlq4vxi6lxa
themarkup.i2p,rdsar4jopzwrvhnrz6uzib4mx37zx26ympxrb3bfa2xsavwz5d2q
themoscowtimes.i2p,xilbqdxdmsrjlyotafbwqzp3q66vysdno2f7uzwaznnmurinz5xq
thenationalfreepress.i2p,ejlnaq2a7wvmskhfhgg4zw5otf6wjnqijrrl5m4doop7yimpwqkq
thesatirist.i2p,hqandm7mecqf2gqqcqpxoyokxz5v2lexradte6glhwpcpxflsjla
thetia.i2p,ejzpzupf4mns65aoricgjpb4et4witewfj3h2titx4zco6io3o3q
thetibetpost.i2p,cgdlwed67zrlmq2er7v4hmr5wa53htzgfgmkcyderz526sdb6wjq
theweek.i2p,v6a7dbar4yrgwdyslaxu6hhr2wfx2l652jphwk4dgly2jioozwtq
thornworld.i2p,vinz4ygmodxarocntyjlfwk2wjpvzndlf4hxss2w2t3fk52oplva
threatpost.i2p,kokflo7ovzxujqinafmxibhk6ytvlmxmuvha3doaqhjkgt3fpe3a
tibet.i2p,cjzcrcykfztxwhseuzcjpwsqgbfrucz475kswcfsspuoqimdofvq
tibettimes.i2p,2f544ceydfgk5i6bfi3kql56pojmt63m24u4po4avpxxye74d4pq
times.i2p,times4ddo57aaryeze5pauerdf2wq43pu22orokjnr5r6obzf6nq
tl.vern.i2p,verna7avzgd4qqal7k2onjzwxcceqby2gwvya2a2frdswb7z2k4q
tmpsend.i2p,r2al7m32cg2ypjcny627wkoiyanrasmorub2wqla3y6gn6rwzzvq
torch.i2p,vdpmmcq4ysca5rdczr5lqohjtaf5togdy5itoos54s6nn6xqox3a
torproject.i2p,torprojaxvxevo4c5qvor3ywgasxkubs5ukazrpq3qcxed6lgbrq
torrentfreak.i2p,g2rgkzgsbwz6nguzaan6nxglcbtcngdldagdryji7ophllfvhuiq
tosios.idk.i2p,4mfy2ggcynt5xjkrdstwju2cqicayq7tg5bcb6o575wvab2div7a
tracker2.postman.i2p,6a4kxkg5wp33p25qqhgwl6sj4yh4xuf5b3p3qldwgclebchm3eea
traditio.i2p,wkpjjloylf6jopu2itgpktr45t2xvpjijxilxd5tq4i7wkqgwhhq
translate.i2p,2db77uyqbrsnikwdthtoyrhai53oqw3x4gmakefu33zshm35pzpa
translate.idk.i2p,g2l2zr4moqsk2bec346i5tfd2o22cozm5b2k4ifdhbcayazoz2ea
treebird.clubcyberia.i2p,jvqssry3kcztl4wq6sfcy5xubi3runqx7ttbqxq2nsn564l2trvq
trocador.i2p,lpn5pb34rpsee3ycqtjf3vzngpibxsvzx4a3kdc3rmavgpbpclvq
trusishka.i2p,a6oqn7gevseuek3akchgzzjkf5qkh5pdj56jjlqtuynsj2krg7wq
tt.i2p,4mqcjnfkkf3v3s7nqbeyok6k4p2bidagjkuui7pbttopus4flwqa
tube.i2p,vipzc556nzjraiqsk5xwvyhz54fvtqt3vrepdarat3zsj4a6eypq
tumbach.i2p,u6pciacxnpbsq7nwc3tgutywochfd6aysgayijr7jxzoysgxklvq
tutorials.i2p,zy37tq6ynucp3ufoyeegswqjaeofmj57cpm5ecd7nbanh2h6f2ja
tv.i2p,znccrkhtgz4wqceyofwsqdsraqhdtteqzrag53lgmp6rhkutuy6q
uchan.i2p,uchanooau3lfmqav57q4743szpcex6jdsyae64veb6th45n2yfaq
uckduckgo.i2p,gqt2klvr6r2hpdfxzt4bn2awwehsnc7l5w22fj3enbauxkhnzcoq
udonya.i2p,xx6ojsbjzosszqzdxfuopkib6aslzjd6jhcde36qvvm7hzqbddyq
uhrp.i2p,ntezp4uycujsbs2cdpwwj2f7jfkysw5ucu25llb4c47aafeudgtq
ukraine.i2p,ltg64bxc2ragy6xqxyxt6k5i63th2qahqq4piongrbcev3kpik7a
umbra.i2p,xunb4chkeo5xxpfkwrkaqb5etmqpp4ddgvcmy7qkvtxhk5ihck2q
uncensored.i2p,b3eoqeyanwo4q65rx35icigxkx7bdrr3lfm4dkebb56smnn735qa
unixdog.i2p,i2pdog7zywdhbtoxf36zqawbvhvucgnwotgjshwnvcjkwrvrahva
up.i2p,upload5futjsclmsubidfe5wdvxs6smvd74to2snfrmnzbok5qxa
upload.arav.i2p,a5txjx3gjrnw6do4zr66wpwlayxt3dg7kb43wbr3fjp53mkfkbdq
upstreamjournal.i2p,eukixnozduj2bhgioyhsrd45yotxzmfdjoojqoygxidx4gkc7seq
uwu.i2p,4uhkfg4gcn6ktud54krey4dbiqsfandrwqj3smuwra7hhtr6w7ca
vaincuda.i2p,vaincudajtxmtmnx2izj4xquqneizrrplht7ifjwrw4benvltceq
vanity-eth.i2p,6djvwwd3mtozyqhpuyvcwqkje5fk3rbxqbgqgdlr32b6hvdqeq5a
varikvalefor.i2p,yn7ovvjf4nhf7hhk6qqph7utcoce4f2j325rfeuyapw3emlqfqna
vern.i2p,verncceu2kgz54wi7r5jatgmx2mqtsh3knxhiy4m5shescuqtqfa
vijay.i2p,f2tccrxi6heek5hbuaqgxcvc7yggwawjpfqrsuw6fnqvdb4lfizq
voice.i2p,voice5t7aoggmmpiqpocnvz3y4lbaimtgq4mfzeuf7mg2vwwhf5a
volatile.i2p,q6rve733tvhgyys57jfw4fymqf3xsnza6dqailcdjcq7w4fa5m3a
vuldb.i2p,lalzfapi6muoqs33mlcfx3vj4wlxn2yer45utfdbd4sbsfi6dbaa
w3schools.i2p,kmf6zikzfttexa3pxeumdqt73gmzb5ybkpk4hxstuzpbup22yqna
walker.i2p,5vik2232yfwyltuwzq7ht2yocla46q76ioacin2bfofgy63hz6wa
washingtoninstitute.i2p,muwfmgnlgahcmuxewaycbftxlsvqak6jjve33krbmg7hlxi75coa
web.telegram.i2p,re6cgwg2yrkgaixlqvt5ufajbb3w42fsldlq7k5brpvnd5gp6x5a
webcam.i2p,fhrkpj4iscrg6etgdlteseoed37q2ph7cizclgpabgcbnaq6g24a
webgames.i2p,qfl7uy6t2upwgimsg5qqjdhw54bw3yuzazdkq5y44buq2lrirn2a
webirc.coldhell.i2p,k2d6bius63w3g35j32dn66fssqwbnyvegx6w6pl5mdeojpp4rjba
weko.i2p,weko5axss5qx7ttvxed4zv2644jjjmrwxe6ovpgw42uus3m7zuaq
weskaap.i2p,z7wqhl4uvb3gjcpmnicrunx3ayrryudhcffqpb5webnulmbhhoza
whitecontrolchat.i2p,22d4iq6boiafqnzlugm4y2s7hafa7wbitr2p6cy6wjjdiaamy5fq
whonix.i2p,rabhsi3gmsr36rvisobdmm6jmkq6g7ampsofqyzyh72xq62xx46q
whoogle.vern.i2p,verneks7rfjptpz5fpii7n7nrxilsidi2qxepeuuf66c3tsf4nhq
wiki.hutor.i2p,vouttzj22msx7lcpgybfhbqoignrawsgo2sg7g7ml5kyuugbbkza
wiki.i2p-projekt.i2p,b2rpg7xtzwwfvtorfkrc3m7h222qbobnklra7g4oqhfjx64k2voa
wiki.ilita.i2p,r233yskmowqe4od4he4b37wydr5fqzvj3z77v5fdei2etp2kg34a
wiki.vern.i2p,vernknid6kpyzaghegtnypzxe2nx643zrfc4jivh2tlna5m5jvcq
wikiless.i2p,x33lx4h6d7h6xs4eiqwhvaxn3ea5gn2ifmu3jobnvuvn4k4aej7a
wired.i2p,6ezm53j3so5rywhhaxup7bw2oryy3qp5nyeb5qc6k3duluiddxqq
wl.vern.i2p,vernesciy2defjsputrjrv6pa5ll6qzrckfffi5lgkumstdojyga
wlm.i2p,nigg3rveztrkpzoimq4z46pvbtml27mfhadt7n5bvl3pzzyzefxa
wopen.i2p,xvedtnzz3kpwpir23zyr3exrhkrn3267harw7gcjvp25yceyokza
wordnik.i2p,rasz7w6phk4z5ydwlsdmqkfn5ixnmtyy7vhdpesklp3eln4xnywa
worldatlas.i2p,mmiqsq42thxzdoubnbjwgbyb7ejtncvlrmdgcvvxn6cbh6hrkxqq
www.infoserver.i2p,fq7xhxkdcauhwn4loufcadiiy24zbei25elnup33a3gfrdzrtlyq
x.i2p,incogniteqtvrg4oydx7rif7yntws5rkhvbqprrbabwwfrmd3j2a
xeha.i2p,oartgetziabrdemxctowp7bbeggc7ktmj7tr4qgk5y5jcz4prbtq
xeiaso.i2p,45njaf23h5eaejpj6ew4kvmy3f22ada3hkpfybeu6r7dporthnua
xmpp.antebeot.i2p,ir2nl6qa5vhwshisewbbtdtlptnocsj5gncnikcwoe2i5qrdf46a
xmpp.ilita.i2p,2dpg43zlfophx5jo4xeqc6cx3zm4x3tfdoinbfuzychf5lwn3dhq
xmpp.intr.i2p,xtll3krlo35plvyogzlyntjybnmdk42dsrgfcjzo4ftb3cjits2a
xmpp.pubsub.i2p,yxbp3sn2x5t6k7hcxsg4njmaxjomr2wvh4xeldxjlij3ms3sikgq
xmpp.trus.i2p,4xok4i2sizsfbfny3fdyj4lpntueoxb2sjn4oaw2y6mixcxlzpeq
xmpp.tt.i2p,smn5qkljlrx6jfvtkoexcr3zirvfzjjqgv6lb2nbs5ei75cdoniq
xmpp.vern.i2p,vernd6f2dxbwfwp4fbkrdz75k2h2wyudmvwrqkrgkawjjrm72z3a
xmr-node-b52.i2p,b52et7yntibxysfh22mivuzfsgqbpr3xneng7tg6wpn23czannna
xmr-node-ugs.i2p,ugsgpdk4g3gqxni26turm5b5edbkz4sugrxjuhddnyv23d3zooxa
xmrnode.i2p,moneroti7lckp4hjrqckoq5cfi2apuyxia42sp5x7tkbzjfwqfiq
xn--80ahmijpip2p.i2p,assist2a3jsikp7ufmzpa56mlflhi5kmoack5dm6ua5x2hbgckua
xn--n3h.i2p,6a5bfeil667ksrdgg5hx5x2dse2v6ovnsng3r2k5gp5tb4z67egq
xsden.i2p,4dofwhzlkz3k3sedwzs2sx2fudq3jfvaygffc6kp6hsawmfmz6qa
xvm.i2p,rxm6zbpuynzih4q5ui2pgwauv576numfyeufws2cin3jfz4tkfiq
xx.i2p,a7hrmb4kbftyk4ovr2la6azi7vjfqwt2zlckos4svoaclqu52j6a
xxxxpro.i2p,4umhjpavy6wg7ak5gq7bkf3lq2jhwuuhi3jchcbf4rdfmgqjjpca
yacy.idk.i2p,7ccyylqqxnyexz2acn3nqjdlwqmd5pororbovrarar2dkw3ddrbq
yat.i2p,zxg4p6obolmrnkygoodqbdnikzychk5sild3o753hmaljuosl2fq
yggdrasil.acetone.i2p,tlfhgwzn4v5nlm2or5uy4leqmjbl5bncgcopbqnmcr4hbk3zrvqq
yggdrasil.i2p,7hhvvtephitji3ibz4vhbapj4rikoppd5324yttp6k35gkqgri3q
yourdomain.i2p,witqoik7gjzywta5nss5m6dvialeciismabksrukcvpfdpe6aqha
youtube.i2p,youtubejtvfwuvjnpjjisybsoz5ipahheexvtddmrjjvemmfbd3a
z728.i2p,n7kp4ngrdflkxh5ju7hd4cdpqv3mt3pm2ubnhwnyv52bd645drlq
zcash.i2p,zcashmliuw3yd2ptfyd5sadatcpyxj4ldiqahtjzg73cgoevxp4q
zdnet.i2p,3pq6r4ws4axybqbcr6vkqx7g5bxkc4twsjr6glsoii57nnutr2gq
zerobin.i2p,3564erslxzaoucqasxsjerk4jz2xril7j2cbzd4p7flpb4ut67hq
zeronet.i2p,fe6pk5sibhkr64veqxkfochdfptehyxrrbs3edwjs5ckjbjn4bna
zkswap.i2p,edsa5dryzdxsagd4v7q3btincjqlm6mjguikgqrhov3wwpmxkydq
zlibrary.i2p,zlib24th6ptyb4ibzn3tj2cndqafs6rhm4ed4gruxztaaco35lka
znc.str4d.i2p,ufkajv3stxpxlwgwwb2ae6oixdjircnbwog77qxpxv7nt67rpcxq
znc.vern.i2p,vernd722rkd3v2o5ppu3aphmfhdthmillq5patn4fa7qvk5ngiaq
zx.i2p,4ru5b25ixgz2wt2aqskbr2iflv42gt6ta6qet7rv4et5rh2kq6fq
zzls.i2p,zzlst7dauwprptpu2y7cxpetz4fl4jw73tivxhtnm7dla7m6teyq
zzz.i2p,lhbd7ojcaiofbfku7ixh47qj537g572zmhdc4oilvugzxdpdghua
